"bacdiveid","accession"
11,"65959.23"
34,"110479.3"
39,"938405.4"
39,"938405.3"
63,"1123227.4"
67,"1231350.12"
99,"1120921.3"
103,"1123323.3"
105,"1069080.9"
133,"1121860.3"
162,"1120942.4"
177,"131109.7"
192,"1167628.4"
193,"521393.3"
214,"59561.3"
273,"645.181"
280,"440079.3"
283,"591962.3"
286,"633415.3"
288,"648794.3"
295,"675874.3"
343,"1121118.3"
361,"516702.5"
379,"123899.5"
385,"267800.3"
390,"658167.4"
397,"1122134.4"
425,"252246.3"
428,"392010.3"
429,"1120971.3"
432,"392015.5"
438,"1120953.3"
447,"233316.3"
456,"1122194.5"
459,"1122198.3"
460,"267374.3"
461,"1122201.3"
462,"1122202.3"
463,"568106.5"
466,"252514.11"
471,"1123236.3"
478,"1318628.3"
479,"256323.4"
483,"1122197.3"
488,"375760.4"
492,"643747.3"
495,"1121937.15"
496,"1265313.9"
498,"1120969.3"
499,"1120970.3"
502,"229919.9"
556,"265948.4"
566,"576944.3"
570,"263475.9"
782,"1484.13"
782,"1484.14"
1203,"1121089.3"
1203,"135735.7"
1218,"1121091.3"
1220,"254757.3"
1221,"1121090.3"
1224,"189381.12"
1229,"157733.5"
1254,"1121086.3"
1259,"290588.4"
1271,"421767.3"
1273,"300825.3"
1275,"380630.3"
1276,"266892.4"
1277,"1121087.3"
1278,"171685.4"
1279,"1121092.3"
1281,"459347.3"
1282,"304268.3"
1284,"1121085.3"
1285,"459525.17"
1303,"665099.9"
1304,"742169.4"
1304,"742169.3"
1317,"930128.3"
1324,"1121917.3"
1325,"227865.7"
1342,"156205.9"
1344,"195088.4"
1346,"2755037.3"
1347,"240303.4"
1348,"240302.16"
1349,"1121938.3"
1354,"447421.3"
1363,"340214.3"
1364,"237679.4"
1368,"640948.4"
1371,"1122204.3"
1377,"405946.6"
1391,"279813.5"
1391,"279813.4"
1392,"571932.3"
1407,"562743.4"
1409,"493781.3"
1419,"1366047.4"
1460,"74386.3"
1464,"1121929.3"
1467,"531814.3"
1468,"1027249.3"
1476,"1462526.12"
1476,"61016.3"
1476,"61016.4"
1476,"61016.5"
1515,"1122940.3"
1516,"1121936.5"
1517,"386490.3"
1518,"361279.6"
1519,"361277.15"
1519,"361277.14"
1540,"582475.4"
1540,"582475.14"
1546,"394506.4"
1548,"1123239.3"
1551,"570947.3"
1553,"378543.3"
1555,"482461.3"
1556,"407036.4"
1569,"621096.3"
1570,"549003.4"
1573,"930129.8"
1573,"930129.4"
1607,"484018.6"
1610,"483215.6"
1629,"763034.3"
1630,"742727.4"
1653,"363953.4"
1656,"395964.6"
1791,"1036778.3"
1801,"333368.4"
1801,"333368.5"
1828,"1513892.5"
1829,"1123229.3"
1868,"1121122.3"
1901,"354351.3"
1944,"92647.15"
1944,"92647.5"
1978,"1121127.3"
2055,"131080.4"
2080,"556055.3"
2244,"426701.4"
2278,"258723.5"
2285,"1855308.3"
2287,"1122143.3"
2318,"1121123.3"
2386,"1122933.3"
2441,"391920.5"
2456,"1123055.3"
2462,"400153.4"
2515,"1123352.3"
2567,"1121303.3"
2648,"1121331.3"
2806,"1121323.3"
2829,"1121322.3"
2831,"1410653.3"
2833,"339861.3"
2841,"357809.8"
2848,"1121337.3"
2850,"1121298.3"
2854,"659425.3"
2855,"1121302.3"
2856,"1121319.3"
2867,"1121919.3"
2868,"1120996.3"
2869,"1121289.3"
2870,"1122184.3"
2871,"1121128.3"
2872,"1410668.3"
2872,"398199.5"
2877,"329993.3"
2883,"349064.5"
2909,"1121116.3"
2937,"1121349.4"
2979,"1122623.5"
2992,"76731.7"
2992,"76731.7"
3021,"360241.4"
3026,"433924.4"
3030,"545864.3"
3031,"582607.3"
3037,"912552.3"
3050,"742742.3"
3068,"742818.3"
3230,"1121363.3"
3764,"926549.3"
3766,"591202.3"
3782,"651661.3"
3818,"370973.3"
3829,"1122967.3"
3834,"1089547.3"
3858,"1121383.4"
3869,"1121381.3"
3890,"392414.3"
3901,"521158.3"
3946,"1121392.3"
3947,"1121393.3"
3963,"1121398.3"
3996,"1121394.3"
4001,"332175.3"
4015,"1121403.3"
4034,"1121413.3"
4069,"1121406.3"
4147,"1121441.3"
4148,"1121462.3"
4150,"1121436.3"
4153,"1121457.4"
4153,"1121457.4"
4157,"1121447.3"
4158,"246191.4"
4167,"415242.3"
4178,"995050.3"
4300,"1123397.11"
4301,"406100.9"
4378,"1388748.3"
4378,"1390075.3"
4380,"1121863.3"
4384,"980518.3"
5048,"471575.3"
5243,"451513.3"
5344,"249189.3"
5376,"1410674.3"
5453,"645887.4"
5455,"299255.3"
5458,"1121880.3"
5479,"1120951.3"
5480,"221126.12"
5480,"221126.12"
5482,"237373.5"
5484,"1121011.3"
5484,"228955.3"
5485,"440515.3"
5495,"327575.4"
5501,"76594.4"
5503,"504486.3"
5504,"237258.25"
5509,"1121870.4"
5528,"29533.5"
5528,"29533.3"
5529,"1121894.3"
5529,"96345.93"
5536,"229203.5"
5537,"229204.10"
5539,"1121888.3"
5544,"229205.4"
5546,"1121887.3"
5549,"402734.4"
5550,"362413.7"
5550,"362413.16"
5559,"1121897.4"
5561,"271157.3"
5567,"370979.5"
5568,"387094.4"
5569,"1121889.3"
5570,"459526.10"
5574,"1121896.3"
5577,"362418.11"
5585,"946678.6"
5585,"946678.8"
5587,"706186.4"
5589,"570520.3"
5590,"1121909.4"
5592,"323412.3"
5595,"570521.3"
5596,"620914.3"
5600,"865937.3"
5604,"228956.4"
5605,"228957.5"
5606,"228958.3"
5613,"561365.3"
5614,"1122191.4"
5615,"440514.5"
5616,"213248.10"
5617,"1122226.16"
5617,"369791.4"
5618,"579105.3"
5623,"703342.6"
5624,"702745.3"
5629,"1123035.3"
5630,"908615.3"
5634,"1071918.3"
5638,"400055.5"
5640,"287099.4"
5643,"345907.6"
5649,"186571.4"
5650,"285258.3"
5652,"1123347.4"
5653,"561505.3"
5654,"413713.3"
5660,"442714.3"
5688,"1121287.4"
5689,"1121286.4"
5691,"1121284.4"
5702,"445960.10"
5706,"1121288.4"
5715,"649333.4"
5718,"1121932.6"
5721,"593133.4"
5722,"264023.4"
5727,"639310.3"
5729,"392009.4"
5730,"1121875.29"
5732,"926559.3"
5733,"390640.6"
5733,"390640.7"
5734,"1123235.4"
5735,"1123234.4"
5738,"192904.4"
5741,"619805.3"
5745,"641691.3"
5747,"563176.3"
5754,"1121876.3"
5784,"1123032.3"
5841,"1121926.3"
5852,"332522.3"
5875,"1069082.6"
5876,"926690.3"
5974,"148449.3"
6042,"229007.12"
6043,"1121939.10"
6043,"1121939.11"
6044,"257772.3"
6054,"376427.9"
6055,"419597.17"
6056,"2498861.3"
6057,"416872.17"
6058,"416873.6"
6059,"416874.6"
6060,"463301.7"
6063,"1121942.4"
6067,"447424.3"
6070,"1121943.4"
6070,"453962.4"
6072,"574966.4"
6073,"502829.3"
6084,"1122139.9"
6086,"574349.3"
6086,"574349.7"
6138,"224436.3"
6190,"200615.4"
6191,"444923.3"
6196,"1122213.3"
6197,"422296.3"
6200,"551275.6"
6218,"1123503.3"
6220,"1121948.5"
6222,"568102.3"
6224,"1123059.3"
6280,"1122622.9"
6280,"384677.7"
6315,"1122130.4"
6356,"1121950.3"
6412,"695563.3"
6615,"1423763.3"
6617,"1423749.3"
6624,"1423753.3"
6657,"1423750.3"
6669,"396268.3"
6676,"1423777.3"
6677,"1122146.3"
6677,"1122146.4"
6680,"1423731.3"
6681,"1423729.3"
6682,"1578.21"
6690,"1423809.3"
6691,"1423725.3"
6695,"616990.3"
6863,"220714.4"
6863,"220714.3"
7141,"1122218.3"
7213,"1078846.3"
7217,"1132444.3"
7218,"369798.5"
7226,"1122963.3"
7227,"1122962.3"
7255,"1120958.3"
7423,"246613.3"
7433,"1122239.3"
7439,"459816.3"
7447,"483014.3"
7465,"1081040.3"
7479,"1123013.3"
7489,"386302.6"
7505,"1121924.6"
7509,"381665.4"
7515,"1121372.3"
7634,"489142.4"
10174,"1123241.3"
10447,"1121274.4"
10496,"1032488.3"
10498,"1030841.3"
10499,"1120999.3"
10500,"1121001.3"
10501,"300266.6"
10502,"449663.3"
10515,"1121375.3"
10518,"375574.10"
10518,"375574.9"
10519,"397457.6"
10523,"1121275.4"
10524,"529086.3"
10525,"1122928.3"
10526,"1123014.3"
10541,"1123376.3"
11116,"1122608.3"
11120,"1122610.3"
11145,"574700.3"
11236,"516701.3"
11272,"1122206.4"
11277,"1122252.3"
11279,"1122211.3"
11282,"1122599.8"
11293,"230495.4"
11298,"484498.3"
11324,"1111733.3"
11335,"1122215.3"
11342,"1035707.5"
11401,"1121002.4"
11448,"1121346.3"
11453,"557555.3"
11575,"170367.3"
11578,"1122925.3"
11579,"1122921.3"
11585,"198119.4"
11587,"297318.4"
11587,"297318.5"
11589,"274593.3"
11599,"1122916.4"
11603,"400777.3"
11604,"1122926.3"
11615,"1122922.3"
11625,"1122918.3"
11630,"521520.3"
11632,"1122919.3"
11635,"1122920.3"
11647,"539262.4"
11657,"624147.3"
11667,"915437.3"
11667,"915437.3"
11668,"1123226.3"
11668,"459527.3"
11780,"1121419.3"
11829,"1121424.3"
11831,"1121422.3"
11832,"1121428.3"
11832,"1121428.6"
11851,"1123349.3"
11861,"150723.3"
11861,"150723.4"
11862,"305698.3"
11866,"1121003.3"
11894,"335020.4"
11925,"1123515.3"
11931,"1123514.3"
11931,"1123514.3"
11933,"1123516.3"
12010,"426757.4"
12501,"1122931.3"
12501,"1203610.3"
12502,"1037355.4"
12514,"1123008.3"
12519,"742726.3"
12521,"742817.3"
12522,"1121129.3"
12538,"888832.3"
12540,"888743.3"
12543,"688246.3"
12543,"688246.6"
12543,"688246.9"
12543,"688246.7"
12543,"688246.8"
12544,"585502.3"
12548,"1002367.3"
12569,"762968.3"
12659,"1122994.3"
12666,"399497.3"
12702,"1315275.3"
12702,"570156.7"
13124,"1292027.3"
13131,"289003.4"
13161,"425504.4"
13162,"437900.12"
13164,"428992.5"
13172,"543360.4"
13180,"1292030.3"
13565,"1122133.4"
13633,"573179.3"
13633,"573179.4"
13635,"410764.9"
13652,"990712.3"
13652,"990712.6"
13655,"1121271.3"
13660,"555512.3"
13670,"999611.3"
13671,"571166.3"
13673,"1122181.3"
13674,"245187.6"
13678,"521013.3"
13692,"1122929.3"
13731,"999548.6"
13732,"999547.5"
13733,"999550.5"
13734,"999549.4"
13736,"285279.6"
13747,"320662.3"
13748,"365340.5"
13748,"365340.4"
13749,"364297.3"
13752,"992286.3"
13770,"1288298.3"
13772,"658057.3"
13774,"1123069.3"
13777,"442562.3"
13787,"483013.3"
13788,"639004.3"
13790,"1123237.3"
13795,"218673.14"
13824,"418630.3"
13840,"441119.6"
13841,"441112.6"
13842,"441103.7"
13842,"441103.4"
13845,"328415.5"
13848,"481446.6"
13849,"1123247.3"
13855,"588602.3"
13857,"568105.3"
13858,"1123360.3"
13861,"576117.6"
13861,"576117.7"
13876,"1120956.3"
13889,"1121032.3"
13902,"323621.6"
13906,"544480.7"
13936,"1123487.3"
13946,"1122607.5"
13968,"393657.3"
14021,"1123362.3"
14025,"1321365.4"
14046,"1122176.3"
14049,"478744.3"
14052,"679197.3"
14088,"1123262.3"
14099,"288992.5"
14100,"405671.6"
14101,"332999.8"
14105,"425514.7"
14107,"425513.4"
14108,"425512.3"
14109,"430522.10"
14110,"475253.4"
14110,"475253.7"
14111,"475255.4"
14114,"468059.3"
14115,"540906.3"
14128,"415956.3"
14129,"683125.3"
14132,"1513896.4"
14135,"468058.3"
14137,"623280.3"
14138,"407022.6"
14140,"543615.3"
14164,"1122612.4"
14165,"462949.3"
14194,"1404341.3"
14196,"570446.3"
14241,"1090319.3"
14243,"237611.3"
14252,"1123268.4"
14263,"658225.5"
14287,"651663.8"
14287,"651663.3"
14298,"515949.3"
14299,"680125.3"
14310,"373543.8"
14313,"373540.3"
14336,"1123274.3"
14337,"1123275.4"
14405,"492735.3"
14413,"1122128.4"
14431,"1123233.3"
14674,"522262.5"
15209,"66371.3"
16401,"1123320.3"
16492,"943816.5"
16556,"1144553.3"
16618,"324952.4"
16638,"762983.3"
16679,"610254.3"
16690,"690567.3"
16732,"1123389.3"
16798,"224999.3"
16847,"1123369.3"
16851,"1121256.4"
16902,"447595.3"
16999,"561175.3"
17042,"1122195.4"
17051,"1122953.3"
17083,"525918.3"
17084,"1123401.3"
17123,"888062.3"
17124,"742743.3"
17127,"1122217.3"
17147,"862415.3"
17147,"862415.4"
17166,"1123250.4"
17177,"1123490.3"
17205,"1123285.3"
17226,"1122959.4"
17312,"1123493.3"
17351,"1280004.3"
17355,"558271.4"
17355,"558271.3"
17368,"861298.3"
17381,"882452.3"
17407,"459519.3"
17442,"1123029.3"
17442,"1123029.10"
17443,"265719.9"
17461,"529704.3"
17461,"529704.4"
17500,"686800.3"
17624,"1123073.3"
17628,"929712.3"
17635,"479430.3"
17640,"223788.3"
17648,"936138.7"
17661,"1122604.3"
17664,"372072.6"
17691,"693746.9"
17693,"1069448.9"
17698,"226505.5"
17699,"226506.7"
17700,"1120965.3"
17704,"237018.6"
17705,"237019.4"
17706,"291403.6"
17707,"305507.7"
17708,"1120967.3"
17710,"1120968.3"
17712,"435880.7"
17747,"393003.3"
17749,"408074.3"
17750,"536979.4"
17752,"573321.3"
17758,"1122605.3"
17760,"1123248.3"
17762,"1121884.3"
17765,"1004304.4"
17783,"866499.3"
17795,"633813.3"
17803,"1304880.3"
17805,"927658.4"
17829,"762967.3"
17830,"762966.3"
17840,"1095025.3"
17841,"1095026.3"
17853,"882090.7"
17879,"1121861.3"
17897,"381306.7"
17899,"1121921.14"
17903,"354246.3"
17904,"1122224.3"
17905,"1123279.7"
17910,"314285.4"
17913,"569599.3"
17915,"644220.5"
17915,"644220.3"
17916,"644221.3"
17917,"593135.5"
17918,"634765.3"
17932,"270368.3"
17950,"339866.4"
17983,"1121476.3"
18078,"415015.4"
18080,"1123009.3"
18120,"309483.3"
18133,"549000.3"
18135,"1204719.3"
18136,"515440.3"
18153,"1123256.3"
18154,"1123257.3"
18155,"1123261.3"
22907,"671278.3"
22921,"745820.3"
22925,"930146.3"
22941,"643673.3"
22946,"1130080.4"
22969,"1096341.3"
23011,"1034471.3"
23016,"1336237.3"
23019,"470826.3"
23028,"192903.4"
23033,"1052260.5"
23035,"1137799.5"
23180,"1174501.3"
23182,"1045775.4"
23225,"390270.6"
23232,"321267.13"
23235,"313368.3"
23239,"875171.3"
23241,"670154.3"
23243,"696760.5"
23265,"1114963.3"
23266,"1117702.3"
23271,"1420583.3"
23284,"1129133.3"
23303,"1176198.3"
23331,"933949.26"
23339,"748857.3"
23341,"1229494.3"
23349,"1204385.4"
23450,"714531.3"
23513,"990373.3"
23707,"688079.3"
23710,"930124.3"
23737,"1004261.3"
23742,"872970.3"
23755,"586416.5"
23760,"1293441.3"
23765,"930114.3"
23769,"1095777.3"
23770,"575256.3"
23782,"686223.3"
23811,"1293442.3"
23868,"1177982.3"
23880,"659014.3"
23883,"662367.4"
24004,"1155073.5"
24008,"718193.3"
24012,"915059.3"
24014,"797419.3"
24014,"797419.4"
24021,"1101402.3"
24023,"1265740.4"
24031,"1055723.5"
24031,"1055723.12"
24032,"1150112.3"
24047,"691689.3"
24048,"1109740.3"
24051,"1150368.4"
24083,"1095778.3"
24114,"587636.3"
24180,"1133344.3"
24248,"574651.3"
24261,"1111140.3"
24280,"512399.3"
24287,"1215385.3"
24294,"670482.3"
24343,"1177574.3"
24346,"1036181.4"
24437,"1076620.3"
24438,"1220495.4"
24439,"1135990.3"
24440,"1288410.3"
24486,"1197950.4"
24500,"1005928.7"
24505,"996115.4"
24507,"870908.3"
24516,"569882.3"
24525,"1234555.4"
24525,"1234555.3"
24534,"1082479.3"
24542,"418750.3"
24551,"561061.3"
24556,"870476.3"
24597,"1077965.5"
24597,"1077965.3"
24606,"76860.27"
24667,"1344003.3"
24668,"980631.3"
24674,"985012.3"
24683,"659595.3"
24683,"659595.3"
24684,"1341696.3"
24720,"1073327.6"
24720,"1073327.4"
24721,"529505.3"
24730,"995066.3"
24735,"1285928.3"
24736,"1400522.3"
24737,"413434.4"
24744,"1005740.3"
24757,"1056820.3"
24759,"1073969.3"
24761,"1133106.8"
24763,"523701.3"
24769,"871665.33"
24785,"1150474.3"
24788,"1214077.3"
24794,"947013.3"
24803,"598652.3"
24814,"497964.5"
24814,"191863.3"
130228,"667676.3"
130271,"1082580.3"
130420,"494023.8"
130450,"1392540.3"
130458,"861445.15"
130458,"861445.12"
130501,"933926.3"
130530,"1004279.8"
130532,"1165689.4"
130533,"505389.5"
130609,"1286148.4"
130609,"1286148.5"
130612,"396013.5"
130613,"517719.4"
130613,"517719.3"
130624,"573024.6"
130824,"1193621.3"
130841,"1329800.3"
131161,"379075.3"
131163,"420998.4"
131250,"869719.5"
131261,"1031594.4"
131261,"1031594.3"
131262,"943940.3"
132159,"1305674.6"
132361,"1211803.3"
132365,"1549949.9"
132379,"1689449.3"
132390,"1619310.3"
132419,"1750599.3"
132446,"1436010.5"
132455,"1748367.3"
132574,"1737353.3"
132584,"433286.3"
132596,"1667024.3"
132597,"661488.3"
132605,"1574624.3"
132618,"1628085.3"
132619,"1325360.3"
132636,"1749036.3"
132660,"1804630.3"
132885,"1122140.3"
132891,"184065.3"
132911,"1164594.3"
132963,"1655419.3"
132964,"1435465.3"
132977,"1171543.3"
132978,"1636188.3"
132986,"1682742.3"
132987,"1703337.3"
132988,"1703343.6"
132997,"1744844.3"
133002,"1835722.3"
133003,"1639035.3"
133006,"1230532.3"
133007,"1765052.3"
133008,"1843235.6"
133008,"1843235.3"
133009,"1537566.3"
133020,"1645681.3"
133022,"1867410.4"
133029,"1827502.3"
133032,"1765963.3"
133034,"1665626.3"
133089,"1917181.3"
133090,"1325358.4"
133096,"1768011.4"
133104,"1867775.3"
133140,"1562124.3"
133145,"1884793.3"
133145,"1884793.3"
133145,"1884793.3"
133153,"1697394.3"
133164,"1522175.3"
133169,"1849021.3"
133176,"1755240.3"
133213,"1826607.3"
133213,"1826607.5"
133214,"1890295.3"
133216,"1774956.4"
133219,"1494448.3"
133240,"2058780.3"
133254,"1774590.3"
133264,"1837342.3"
133265,"1844972.5"
133272,"1891279.4"
133282,"1945662.3"
133284,"1768907.6"
133324,"1888913.3"
133329,"1836499.3"
133347,"1852027.3"
133393,"1852016.3"
133394,"1761453.5"
133409,"1683161.3"
133425,"442734.4"
133442,"510947.5"
133446,"616675.3"
133451,"483324.5"
133452,"491923.4"
133453,"494016.4"
133470,"518897.3"
133472,"497725.6"
133485,"552546.5"
133486,"459471.3"
133490,"549386.3"
133499,"477690.3"
133522,"490189.4"
133541,"613197.3"
133552,"604088.3"
133555,"604089.3"
133561,"553466.4"
133563,"640943.3"
133580,"517423.3"
133591,"555874.3"
133605,"490188.4"
133612,"578943.3"
133627,"655353.3"
133645,"442341.9"
133649,"391587.3"
133649,"391587.3"
133655,"658218.4"
133656,"658219.4"
133682,"488454.3"
133684,"935223.3"
133685,"935224.4"
133699,"254955.3"
133700,"1423818.3"
133706,"1206103.3"
133709,"1659315.3"
133724,"864064.3"
133728,"996166.4"
133742,"990078.3"
133753,"913252.3"
133764,"1091037.3"
133774,"1145106.3"
133781,"1048396.9"
133804,"999700.3"
133814,"1028742.5"
133823,"747304.3"
133828,"1141221.4"
133847,"1379258.3"
133851,"1007096.3"
133854,"336292.4"
133856,"578942.3"
133861,"912802.3"
133872,"1182451.3"
133874,"1182408.3"
133879,"874454.3"
133896,"875041.3"
133918,"1229152.3"
133919,"1224513.3"
133924,"1144680.3"
133925,"1159017.3"
133943,"1005926.4"
133945,"1198456.3"
133953,"995034.3"
133960,"1224947.3"
133969,"754502.7"
133979,"1159016.3"
133985,"1002526.5"
133988,"1114924.3"
133992,"1237105.3"
133997,"1236486.3"
133999,"581036.3"
134004,"1294268.3"
134006,"1156355.6"
134011,"1294267.3"
134036,"1054497.3"
134039,"1195761.3"
134041,"1218801.3"
134055,"1294299.3"
134085,"488533.3"
134086,"488535.3"
134090,"248906.8"
134092,"255984.3"
134133,"291187.4"
134145,"697282.3"
134146,"327939.5"
134153,"315421.4"
134176,"288019.3"
134179,"296745.3"
134184,"321268.3"
134195,"362523.3"
134217,"396812.3"
134231,"402147.3"
134237,"414703.4"
134242,"366534.3"
134249,"371036.4"
134251,"411959.4"
134254,"430453.7"
134291,"520461.3"
134291,"520461.7"
134292,"520457.4"
134296,"432303.3"
134317,"457427.3"
134329,"454148.3"
134338,"464029.10"
134341,"475082.4"
134342,"411945.8"
134347,"459529.5"
134359,"419596.3"
134366,"342955.4"
139044,"619771.6"
139755,"673271.3"
139784,"2077090.3"
140094,"1914757.4"
140094,"1914757.3"
140138,"1547447.3"
140146,"1424080.3"
140162,"1704499.7"
140167,"1382466.5"
140255,"1737356.4"
140255,"1737356.3"
140280,"1917811.4"
140306,"1917182.4"
140311,"2020703.3"
140358,"1867408.3"
140359,"1450134.7"
140372,"1960083.5"
140375,"523696.3"
140383,"1646119.3"
140477,"1886788.3"
140484,"2664453.3"
140529,"1873425.3"
140573,"1914933.3"
140595,"1874115.4"
140601,"1735103.3"
140618,"1820010.4"
140622,"1820336.3"
140627,"1679163.3"
140679,"2027860.7"
140694,"1930763.4"
140717,"1517758.3"
140729,"1958940.3"
140756,"2022747.4"
140764,"1524095.3"
140808,"1569283.3"
140816,"1247562.3"
140824,"1144873.3"
140826,"1614635.3"
140845,"1684789.7"
140857,"1651082.3"
140862,"1562603.3"
140862,"1562603.3"
140870,"1634917.3"
140872,"1638645.3"
140887,"1677894.3"
140898,"1366656.3"
140908,"1685415.3"
140931,"1256513.3"
140933,"1737354.3"
140951,"1477021.3"
140972,"2027858.3"
140985,"1737357.4"
140985,"1737357.3"
140988,"1808508.3"
140992,"86342.3"
140993,"1608422.3"
141065,"1819566.3"
141068,"1485588.3"
141073,"1633335.3"
141080,"1795041.4"
141086,"1474952.3"
141091,"1526575.3"
141092,"1526574.3"
141111,"1549638.3"
141117,"1758176.3"
141143,"1517589.3"
141147,"2047720.3"
141156,"2047734.3"
158068,"1550385.3"
158270,"1636719.5"
158270,"1636719.3"
158276,"1572859.3"
158280,"1924933.3"
158383,"2053191.3"
158416,"2171554.3"
158509,"2339229.3"
158531,"1259555.5"
158554,"2013562.4"
158560,"1868734.3"
158567,"2041189.3"
158609,"2069301.3"
158672,"2044852.3"
158677,"2040280.3"
158678,"1949069.4"
158678,"1949069.3"
158694,"1982103.3"
158822,"2172019.3"
159686,"2070510.3"
159740,"2282700.8"
159740,"2282700.5"
159751,"2133767.3"
159822,"2303538.3"
159855,"1256514.3"
159857,"2041346.3"
159886,"2052804.3"
162366,"932660.3"
164183,"913108.7"
164247,"2590999.3"
164308,"2510307.3"
164479,"2547398.3"
164616,"2578117.3"
166101,"2663380.3"
166202,"2559914.3"
166241,"2559929.3"
166288,"2219059.3"
166289,"2219058.3"
166308,"2615211.3"
166335,"2755557.3"
166364,"2339232.3"
166420,"2173106.3"
166519,"2184757.3"
166530,"2483812.3"
167414,"2607910.3"
167415,"2609282.3"
167510,"2584524.3"
167635,"2479857.3"
167796,"2488993.3"
167838,"2562806.3"
167902,"2185104.3"
168376,"1549640.3"
