bacdiveid,length
11,1.3-1.6
12,2.0-4.0
13,1.1-1.3
19,3.6-5.1
20,1.5-2.0
21,1.2-2.0
22,1.5-2.5
23,1.2-3.0
26,0.6-0.8
34,1.0-4.5
39,1.8
42,1.3-2.2
43,1.6-2.0
44,1.5-1.9
45,2
58,2.0-3.0
60,1.3-1.6
63,2.5-4.0
64,0.7-3.0
65,1.9-2.5
67,0.8-1.2
71,0.8-1.5
72,1.2-2.0
73,0.9-2.2
76,1.2-1.5
81,1.9-4.1
82,1.4-3.1
99,0.5-0.6
103,<1.8
105,2.0-10.0
106,1.0-1.5
108,1.0-3.0
109,1.0-3.0
131,1.1-2.3
132,1.4
133,1.5-2.1
135,1.5-3.0
136,1.5-9.0
137,1.5-15.0
138,1.5-10.0
139,1.5-3.5
140,2.0-10.0
141,1.7-4.0
142,1.0-3.0
143,1.0-2.0
144,1.0-3.0
144,2.0-3.0
161,0.9-3.0
162,3.3-6.1
177,2.0-4.0
192,0.5-1.7
193,1-3.2
196,6
204,1.0-2.0
206,2.9
208,1.7
209,1.7
212,0.3-2.5
214,0.3-2.5
216,0.3-2.5
217,0.3-2.5
218,0.3-2.5
242,1-2
262,1.2-2.2
271,1-2
271,5
273,1-2
280,0.5-2.0
283,3-3.5
285,1.8-2.5
286,2.5
288,2.0-2.5
294,2.5-3.2
295,2.4-3.6
296,1.6-2.6
322,1-2
323,1-2
343,0.9-1.1
348,1.3-2
349,1.2-2.0
350,1.6-2.5
351,1.4-1.7
354,1-2
355,1
356,1
357,1.3-4
360,0.7-2.5
361,1.0-2.5
362,1-1.5
363,0.7-1.0
364,0.5-0.8
365,0.6-0.9
374,1.4
377,1-2
379,1-1.8
382,1.0-2.8
383,1.4
384,1.5-2
385,1-2
390,1.55
394,0.8-2.0
396,3
397,3
398,2.25
414,4.8-6.3
425,2
428,04-05
429,04-05
430,04-05
431,04-05
432,05-06
433,04-05
434,2
435,1-1.5
437,1.2-1.8
438,1.0-1.8
440,2
442,2-6
443,01-02
447,2.0-7.0
448,1.5-3.0
449,0.7-0.9
450,1.8
451,1-5
453,2.5
455,0.9-1.5
456,0.9-1.5
459,1.6-2.3
460,2.1-3.0
461,1.6
462,0.7
463,1.3
465,1.1-1.7
466,4
467,5
468,0.925
470,1.5-3.0
471,1.4
473,2-3
478,2.5-3.5
479,1.8-2.5
480,1.0-1.3
481,1.5-3.0
482,1.6-2.5
483,1.5-3.0
486,6.6
488,1.5
489,3
490,1.6-2
491,1.2-4.5
492,1.6-3.0
493,1.7-2.4
495,1.6
496,2.7
497,1.2
498,1.7
499,1.95
501,>100
502,>100
503,>100
504,>100
506,200
509,2
510,2.75
512,2.0-3.0
515,2-4
519,0.9-2.0
520,2
521,2
525,2.4-3.9
526,1.5-2.5
528,0.7-1.4
531,1.3-1.5
532,0.4-1.2
533,1.0-1.5
534,0.8-1.2
545,10
547,04-07
549,5.15
554,7
556,4.3
557,3.3
559,1.4-4
565,4.6
566,5
569,3.0-5.0
570,3.0-8.0
571,3.0-8.0
598,1.8-3.0
599,3-10
654,5.5-6
782,3.75
830,2.25-2.75
1077,2.0-4.0
1093,2.0-4.0
1095,2
1150,2.0-4.0
1151,3.0-5.0
1154,1.5-6.0
1201,2-5
1203,2.5-3.5
1207,4.5
1208,1.0-4.0
1209,4-5
1210,4.0-6.0
1212,2-5
1213,0.6-1.2
1214,0.7-1.2
1215,0.6-0.9
1216,0.6-1.2
1217,0.6-1.2
1218,7
1219,0.6-08
1220,1.2-4.0
1221,1.6-3.5
1222,4.5
1223,2.5
1224,1.5-3.5
1225,1.2-3.5
1226,3.25
1228,2.5-4.5
1229,2.75
1233,3.3-5.3
1235,0.85
1236,1.5
1237,1.2
1239,3.0-5.0
1240,1.75
1241,4
1242,2-3
1242,2.5
1243,02-03
1244,1.6-2.8
1245,02-05
1246,1.3-1.9
1250,4.0-6.0
1251,4-8
1253,1.3-1.8
1254,3.85
1255,4.5
1256,3-6
1257,3.5
1258,2.5
1259,2.75
1260,3.8
1261,3.5
1262,02-03
1264,1-1.2
1265,3-10
1271,3.75
1273,2.4
1274,2.5
1275,3.7
1276,2.5
1277,2.0-3.0
1278,2.5
1279,1.7
1280,1.5-3.0
1281,3.5
1282,2.4-3
1284,1.3-2.5
1285,2.75
1293,3.0-5.0
1294,1.4
1296,3
1297,5
1298,2.6
1299,2.5
1300,2-2.5
1301,03-06
1302,1.5-3.5
1303,02-03
1304,5
1317,1.2-2.5
1318,3-13
1323,>1.0
1324,6
1325,3.75
1342,2.0-4.5
1343,2.0-4.5
1344,2.5-4.0
1346,2.0-100.0
1347,1.0-2.8
1348,2.2-4.2
1349,1.6-3.3
1350,1.0-2.9
1351,1.5-4.0
1352,2.4-3.4
1353,1.0-2.0
1354,1.0-4.0
1355,1.57
1356,1.5-3.0
1357,3.6-4.5
1358,3.6-4.5
1359,2.0-4.0
1360,1.5-3.0
1361,1.2-3.0
1362,1.0-3.0
1363,0.8-2.5
1364,1.5-2.5
1365,2.0-4.0
1366,0.8-2.5
1367,2.0-4.0
1368,1.5-4.0
1370,1.0-1.2
1371,0.1-0.5
1374,1.2-2.0
1375,1.3-3.0
1376,0.8-2.0
1377,2.0-2.2
1378,0.8-3.0
1380,1.5-2.5
1381,2.0-6.0
1382,2.0-6.0
1383,2.0-3.0
1385,3.0-5.0
1386,2.3-3.0
1387,3.3-4.0
1388,3.5-4.0
1389,3.5-5.0
1391,2.0-4.0
1392,1.3-8.5
1393,1.5-6.0
1394,1.0-6.0
1396,1.0-6.0
1398,1.5-2.0
1400,2.5-4.0
1401,2.5-3.5
1402,4.0-5.0
1403,0.9-1.9
1407,2.0-3.2
1408,2.0-7.0
1409,1.8-3.5
1419,2.0-3.5
1422,6.0-12.0
1430,3.0-7.0
1433,2.0-6.0
1438,3.0-5.0
1439,4.0-7.0
1440,4.0-6.0
1446,4.7-8.0
1449,2.0-3.5
1450,4.4-5.8
1460,2.0-5.0
1461,2.0-4.5
1463,4.0-8.0
1464,1.0-2.2
1465,2.0-10.0
1466,3.0-4.0
1467,1.5-4.5
1468,1.50-4.00
1469,2.5-4.0
1474,2.0-8.0
1476,1.5-3.5
1477,2.0-3.6
1480,2.0-8.0
1481,2.0-5.0
1482,2.0-7.0
1483,1.75
1484,2.5-5.0
1485,1.8
1486,1.8-3.5
1487,2.0-5.0
1488,2.0-3.0
1489,2.5-4.0
1490,3.75
1491,3
1493,01-03
1494,5.0
1496,1.0-4.0
1498,8.75
1511,1.0-1.2
1512,3.25
1513,4.9
1514,1.5-4.0
1515,03-07
1516,2.5
1517,1.75
1518,3.8
1519,3.55
1537,04-05
1538,3.0-5.0
1539,3.5
1540,4
1542,03-05
1544,2.75
1546,5.75
1547,02-10
1548,3.25
1551,4.9
1553,3.25
1555,1.5-7
1556,3
1559,03-08
1569,5
1570,3.0-5.0
1571,3.5
1572,2.75
1573,2.45
1607,3
1608,2.5
1609,01-05
1610,1.5-4.5
1611,3
1612,1.6-4.2
1613,1.9
1621,1.7
1622,2.5-4.1
1623,1.7
1624,2.85
1625,3.15
1626,1.8-2.5
1626,2.15
1628,0.7-2.9
1629,1-2.5
1630,1.4-55.0
1631,1.5-2
1634,1-2
1640,1-2
1640,1.6
1641,1-2
1642,1-2
1643,0.74
1644,1.16
1650,0.95
1653,2.3-2.7
1654,1.0-4.0
1656,0.8-1.2
1657,1.8-3.1
1658,1.2-1.5
1672,3.25
1673,1.2-2.5
1674,2
1675,1-1.5
1675,2
1677,1.3-4.5
1680,1.2-3.1
1681,1.5
1723,3.0-6.0
1726,2.0-5.0
1738,1.1
1739,1
1747,1.4
1748,04-06
1757,1.5
1765,2.8
1766,1.15
1770,1.0-2.5
1773,1.4-2.0
1774,1.5
1784,4.5
1786,1.4-1.6
1787,1.5-2.0
1791,1.2-2.0
1792,1.2-1.5
1793,1.1-1.4
1801,2.0-6.0
1814,1.5-4.5
1825,2.0-4.0
1828,4
1829,1.20-1.45
1830,1.25-25
1843,0.9
1860,2.75
1866,2.5
1867,1.95
1868,4.5
1869,0.4-1.4
1870,1
1872,1.3-1.8
1882,0.6-1.2
1884,0.6-1.4
1886,2
1887,1.4
1891,1.5-1.7
1892,2
1893,2
1894,2
1895,2
1896,1.5-2.5
1901,2
1904,0.7-2.0
1944,1.55
1947,2
1961,2.15
1965,1.5
1966,1.3
1968,1.6-2
1970,2.75
1972,0.8-2
1973,1.6-1.9
1976,1.6
1977,1.6
1978,1.5
1982,1
1988,0.6-1.5
1991,1.75
2053,0.8-1.6
2055,1.5-3.7
2056,1.5-4.0
2057,1.5-4.0
2058,1.5-4.0
2059,1.5-4.0
2060,1.5-4.0
2061,1.2-4.5
2062,1.5
2063,2.3-2.8
2066,2.8
2068,0.7-1.2
2069,0.6-1.4
2070,0.5-1.5
2071,0.9-2.9
2072,0.4-1.1
2076,0.5-1.4
2079,0.5-1.4
2080,0.8-1.8
2081,0.6-1.8
2086,1.5-3.0
2090,0.8-1.1
2094,1.0-3.0
2095,1.0-3.0
2096,1.5
2097,1.5-2.5
2098,2
2099,2.5
2100,1.1
2101,1.7
2136,2.0-5.0
2137,1.2-2.5
2138,0.5-1.8
2139,1.65
2140,1.9-3.3
2225,1.0-2.0
2226,1.0-2.0
2232,3.25
2243,2.7
2244,6.3
2245,5.35
2246,4.5
2271,3.5
2278,2.1
2285,0.63-1.4
2287,2.15
2310,2.75
2312,01-03
2318,1.5
2319,2.05
2320,2.35
2339,1.0-2.0
2342,2
2343,1.5
2348,0.8-1.8
2349,0.7-1.3
2368,2.4
2369,0.6
2372,1.5-2.2
2373,1.3
2375,2.2
2376,6
2377,6
2386,1.3
2387,1.5-2.3
2421,1-1.5
2437,3
2438,4
2441,4
2451,4.5
2456,1.85
2459,1.7
2460,2.65
2461,2-3.5
2462,1.3-2.5
2468,1.5-2.0
2481,2.3
2497,2.0-7.0
2514,03-07
2515,7
2523,2.5-4.2
2524,2
2525,2.5
2537,2.5-4
2567,1.4-3.3
2568,2.5-3.5
2568,4-7
2601,1.3-9.2
2613,1.7-16
2646,1.3-5
2648,2.2
2650,2.7-9.6
2741,2.0-8.0
2760,3-6
2765,2-5
2806,2.8-7.5
2817,3
2827,3.0-8.0
2829,3.15
2831,2.8-4.5
2832,02-04
2833,6
2836,3-4
2841,3-15
2842,04-08
2845,2.5
2846,02-04
2847,3.5-5
2848,3.5
2849,2.5-6.0
2850,2-7.5
2851,6.5
2853,2-5
2853,3.5
2854,3.1
2855,6.1
2856,3.75
2867,3.0-5.0
2868,2.3-5.5
2869,5.5
2870,6.75
2871,1.2-1.5
2872,0.6-2
2873,7.5
2874,11.5
2877,1.8-3.1
2879,2.8
2882,1.9
2883,1.4-2.2
2903,1.8
2904,1.3
2905,1.5-2.0
2909,2
2932,2.0-6.0
2936,2.0-2.5
2937,1.0-2.0
2938,0.9-1.5
2952,2.4-4.0
2954,1.6-3.0
2957,1.55
2965,0.6-5.5
2966,0.6-5.5
2968,0.6-5.5
2972,1.4-2.0
2979,4
2982,1.0-4.0
2983,0.8-2.8
2984,1.0-3.0
2985,1.1-1.4
2986,0.8-1.0
2992,2
2992,2.0
2999,1.6
3015,0.7-2.8
3016,1.0-1.5
3017,1.0-2.0
3018,1.5-3.0
3020,1.2
3021,01-02
3022,1.3-1.7
3026,1.75
3027,1.4
3029,2.4
3030,1.95
3031,2
3032,1.0-1.5
3033,1.0-1.7
3034,0.46-0.74
3035,0.64-1.16
3037,1.95
3043,0.6-0.9
3050,1-3.3
3053,0.8-1.0
3065,1.5
3067,0.9
3068,0.9-2.6
3072,2.5
3073,2.1
3075,1
3076,2
3077,2
3195,1.0-4.5
3207,1-3
3208,1.0-1.5
3230,1
3234,1.2
3235,1.1
3240,1.5
3249,1.6
3250,0.5-4
3250,2.25
3764,3.45
3765,2.75
3766,01-03
3776,0.75-2
3778,03-06
3782,1.5-3
3783,02-05
3804,1.25
3810,3.5
3812,4.5
3813,10-100
3818,4.1
3829,01-03
3834,25
3835,4
3841,1.5-2.5
3845,3.25
3846,1.4-2
3855,1.2-2.0
3858,1.2-2.0
3869,1.0-4.5
3881,02-03
3882,2.5-3
3887,2
3888,2.3
3890,1.65
3893,1.6
3894,1.25
3901,1.4-2.5
3915,1.3
3917,0.55
3919,01-02
3920,1.1
3931,1.55
3935,1.25
3946,2.0-5.5
3947,1.2-4.5
3948,2.9
3953,1.95
3963,4.5-8.0
3984,5.4-6.2
3986,3.4
3987,3.2-4.2
3988,4.2-6.1
3996,3.05
3997,3
3998,2.5
4001,3
4015,2.15
4029,1.6-2.7
4030,4.5-7.4
4031,1.9-3.8
4032,1.0-2.0
4034,1.5-2.0
4041,3.75
4043,1-3
4064,1.2-2.7
4065,1.0-2.5
4069,4
4147,2-3
4148,2.3-4.1
4149,4.5-9.0
4150,1.0-5.0
4151,5.0-8.0
4151,5.5
4153,1-3.5
4153,1.0-3.5
4154,2.7
4155,3.0-4.0
4157,02-05
4158,2.5-5.5
4159,1.4-1.9
4160,2
4161,1.5-4.0
4164,1.75
4165,3.0-4.0
4167,0.5-2.0
4168,1.0-3.3
4170,2.4-5.6
4171,3.5
4174,1.0-1.5
4175,1.0-1.5
4178,1.9
4187,2.75
4188,1.1
4189,1.2-3.0
4190,1-2
4191,1.0-6.0
4192,1.0-1.5
4195,0.8-1.0
4196,1.2-2.1
4199,1-4
4200,0.6-1.0
4203,0.8-1.3
4205,0.2-0.8
4210,3.0-5.0
4225,2
4238,2.5-3.0
4239,5.0-20.0
4258,1.1-2.0
4267,2
4279,1.35
4298,02-04
4300,02-08
4301,6
4349,2
4350,2
4351,2
4352,2
4377,1.5-2.5
4378,1.5-2.5
4380,2.25
4383,2-3.7
4384,2.5
4408,02-04
4434,2.85
5008,1.2-2.5
5009,1.5-3.0
5010,1.5-3.0
5011,1.5-3.0
5012,1.5-2
5013,02-03
5048,02-07
5088,2.14-5
5117,2
5166,0.9
5168,1.05
5169,4
5180,2
5229,1.7
5237,3
5238,3
5239,3
5242,3
5243,2.6
5258,1
5344,0.91-1.0
5363,1.05
5372,1.5-3.0
5376,02-10
5381,1.0-1.3
5387,1.3-2.5
5394,1.7
5396,0.5-2.5
5398,1-2
5398,1.5
5415,2.0-8.0
5416,3-7
5429,0.7-4
5434,1.7-9.4
5445,10-17
5453,1.5-2.2
5455,2.25
5458,1.7
5477,0.5-20
5479,2.5
5480,2-3
5480,2.5
5482,1.6-2.3
5484,4
5485,2.1
5495,4
5499,1.5-5
5500,1.5-4
5501,2.2-4.5
5503,1.75
5504,05-27
5505,13.25
5509,1-2.5
5510,1.65
5512,1.5-15
5513,2-5
5515,1.5-15
5516,2.5-6
5528,1-5
5529,1-5
5536,03-04
5537,03-04
5539,1.6
5540,2
5541,3.5
5544,04-06
5545,1.5-2.5
5546,02-03
5547,3.5
5549,1.6
5550,2.8
5551,3-10
5557,0.9
5558,1.5-2.5
5559,01-03
5560,1.6-12.5
5561,1.1-2.3
5564,3.5
5565,2.5
5567,2.3-6.5
5568,5.8-6.3
5569,1.55
5570,1.75
5571,1.8
5572,1.5-3
5573,1.6-3.2
5574,1.65
5575,2
5576,4
5577,6.75
5578,5.25
5579,2.5
5580,1.3-2
5585,1.25
5586,2.5
5587,1
5588,0.8-1.2
5589,2.15
5590,3.75
5592,01-15
5595,4.75
5596,1.8-2
5600,3
5603,2.3
5604,6
5605,6
5606,2.5
5607,5
5608,2.4
5609,5.6
5612,3.5
5613,2.15
5614,2.25
5615,3.85
5616,1.6-2.3
5617,1-2.1
5618,2.3
5619,1.1-2.7
5623,0.8
5624,0.7-1.2
5627,0.8-5
5629,2.25
5630,3
5634,1.75
5636,1.6-5.6
5636,3.6
5638,0.9-3.5
5640,2.5-4
5641,4
5643,2-4.7
5644,2.35
5645,3.25
5649,8.5
5650,6
5651,1.5-30
5652,2-20
5653,16
5654,2.5
5655,16
5658,2.5-7.3
5658,4.9
5660,1.4
5678,1.25
5682,2-3.5
5686,1.2-2
5687,1.9
5688,1.85
5689,0.8-5
5691,1.7
5694,0.9
5695,1
5696,2
5698,3.6
5699,1.3
5700,1.3
5701,1.4
5701,2
5702,1.75
5703,2.25
5704,2.55
5705,2.05
5706,1.8
5707,0.9-4
5708,1.4-2.7
5709,2
5711,2
5714,02-03
5715,1.4-3.5
5718,2.1
5721,3
5722,03-04
5723,01-30
5724,2.2-7.5
5726,2.25
5727,2.1
5728,1.8-2.6
5729,2.55
5730,1.48-2.99
5731,1.5-3.3
5732,1.5
5733,2-6
5734,1.8
5735,02-04
5738,1.2-1.4
5739,2
5740,1.7-2.3
5741,1.8
5744,2.25
5745,0.75
5746,1.5
5747,1.3-2.7
5754,1.1
5784,0.5-1
5803,3.25
5806,2.95
5807,1.25
5831,2
5840,0.375
5841,0.375
5842,0.375
5851,1.25
5852,03-07
5875,2.25-2.80
5876,2.5-8
5882,4.5
5947,1.5-3
5951,1.8-5.5
5952,3.6-6.4
5953,1-1.5
5958,1.05
5969,01-03
5970,2-2.5
5974,3.75
5975,4
5982,4.25
5993,20
6000,3.85
6001,2.3-4.2
6007,1.5-4
6036,2.25
6038,2.5
6039,2.5
6040,2.5
6041,2.5
6042,1.3
6043,3.25
6044,2.5
6045,2.6
6047,2
6048,2.25
6049,1.2-1.6
6050,1.6-2
6051,1.8-2.4
6054,1.2
6055,1.0-1.6
6056,3
6057,3
6058,3
6059,4
6060,1.3-1.7
6062,2.2
6063,0.8-1.1
6064,1.2
6067,2.35
6068,1.85
6069,1.4
6070,0.6-1
6072,2
6073,2.5
6074,2.75
6075,2.5
6076,1.5-6
6077,3
6080,1.3-1.7
6083,2.3
6084,3.5
6085,1.4-3.5
6086,1.1
6089,1-1.5
6091,1.0-1.2
6092,1
6097,0.5-0.9
6102,2.5-5
6109,4.5
6110,3.0-6.5
6112,1.5
6115,1.5-2.5
6117,0.5-1.2
6133,1.2
6137,2.6
6138,2
6140,0.9
6149,1-2
6151,1.8-2.5
6152,0.8-2
6156,1.5
6165,2
6167,0.5-2.0
6168,1.2
6169,1.5
6171,1.6
6172,1.5-2.0
6173,04-05
6190,2.0-3.0
6191,2.5
6196,1.0-2.0
6197,1.5-2
6199,0.5-6
6200,1.2-1.3
6218,3.5
6220,2.7-5.6
6222,1.8
6224,2.9
6231,3.5
6232,2.5
6235,0.8-2.4
6236,2.25
6237,1.5
6238,0.8-2.4
6245,1.0-2.2
6263,0.9
6271,1.5
6272,1.0-1.9
6280,1.3
6281,1.3
6282,1.4
6287,1.2
6288,1.0-3.5
6289,3
6290,1.75
6302,0.25
6303,1.1-1.5
6309,1.5
6310,0.8-1.3
6311,1.45
6312,0.94
6313,3.8-6.2
6315,1.75
6329,2.1
6340,10
6356,1.5-5.0
6357,1.5-4.0
6373,0.8-1.7
6377,15
6396,0.8
6399,0.7-1
6412,02-20
6489,1.19
6579,1.65-3.41
6601,1.5
6612,2.8
6613,1.6
6615,5.75
6617,1.2
6619,16
6621,1.25
6624,3
6628,02-05
6636,2.25
6642,3
6643,03-06
6644,02-04
6646,05-06
6657,1.95
6660,11
6661,11
6667,6
6668,02-06
6669,02-04
6672,1
6674,5
6675,4
6676,2.36
6677,2.7
6678,1.15
6679,3
6680,1.5-2
6681,2.5
6682,10
6690,11
6691,2.79
6692,2.5
6693,20
6694,3.5
6695,1.5-5
6696,1.5-7
6697,01-03
6700,0.59-2.07
6701,1.5-3.0
6702,01-10
6703,8.7-9
6704,4
6705,2.65
6776,1.55
6788,2
6789,1.5
6839,2.5
6858,02-04
6859,2.5
6860,0.9-1.5
6863,2.2-3
6865,3.75
6881,01-02
6949,5
6950,4.5
6951,3
6952,3.55
6956,8.5
7136,11-25
7141,1.5-2
7175,2.25
7176,6.25
7178,4
7179,3.5
7180,1.5-5
7181,2.425
7182,2.25
7183,2
7186,3.4
7187,3.55
7188,3.65
7190,3.6
7191,3.3
7192,2.25
7193,2.9
7197,1.6-5.4
7200,1.99
7203,1.6-3.3
7204,1.6-4.2
7205,2.1
7206,2.5
7207,2.5
7212,1.75
7213,2
7216,2.7
7217,1.1-2.5
7218,0.85
7219,2.6
7226,3
7227,1.5-3
7229,1.15
7236,0.9-1.8
7240,1.0-2.5
7242,1.9-2
7243,1.9-2
7255,1-1.5
7256,0.9
7257,0.8-1.2
7258,1.3-1.5
7277,2.5-4
7279,1
7280,2.85
7281,1.5
7282,0.3-0.5
7302,1.8-3.6
7303,1.2
7304,2.5
7306,0.93
7329,0.9
7330,1-1.3
7332,0.6-3.4
7345,1.1
7346,0.75
7349,0.8
7351,1.66-2.91
7354,0.8-1.6
7355,1.175
7358,2
7391,2
7423,1.5
7425,1.5
7427,1-2.5
7428,03-04
7429,0.7
7432,1.7
7433,1.6
7435,1.15
7436,0.75
7439,1.25
7442,0.5-0.8
7444,01-02
7446,0.74
7447,1.15
7448,0.7
7449,2.5
7450,2.5
7451,2.5
7452,0.6-0.7
7454,0.5-0.8
7455,1.5-2
7462,1.5-3.0
7464,2
7465,2.5
7466,1.4
7467,5.5
7471,1.1-1.5
7475,1
7476,0.8
7477,0.8
7478,2.25
7479,0.4
7480,1.3-1.7
7481,0.3-0.7
7489,1.4-2.3
7497,2.7
7498,1.3
7499,0.9
7500,1
7502,0.5-1.0
7503,0.9-1
7505,1.1-1.8
7507,0.7-0.9
7508,0.275
7509,1.85
7511,0.6-1
7512,01-02
7514,1.55
7515,0.5-0.8
7516,1.15
7517,1-1.5
7589,2.45
7592,2.5
7620,01-02
7622,3.25
7625,1.3-1.9
7629,0.8-1.8
7632,0.65
7634,0.6
7659,1-1.5
7661,0.8
7666,1.25
7756,0.85
7760,0.9
7761,1.15
7768,1.2
7770,1.2-1.4
7771,1
7773,1.1
7783,1
7785,1.55
7787,0.55
7788,0.6
7792,2.3
7795,0.5-1
7797,1.25
7878,2-2.5
8025,0.8-1.5
8187,1.55
8196,2
8201,2
8202,0.9-1.3
8203,1.62
8207,1.6
8209,0.95
8213,4.5
8214,3
8530,1.5
8544,0.9
8580,3
8582,0.98
8593,0.975
8593,1.1-1.2
8628,1
10174,0.95
10422,2
10423,2.5
10424,2.5
10425,2
10427,1.2-1.5
10428,1.5
10430,0.4
10431,1.6
10447,1.95
10448,1.65
10451,2.4
10453,1.75
10454,1.75
10455,1.75
10496,4
10498,1.55
10499,2.5
10500,1.5
10501,1.65
10502,1.05
10503,1.25
10508,01-02
10510,2.7
10511,01-07
10512,1.75
10515,3.5
10516,2.45
10518,2.3
10519,0.95
10520,1.1-1.8
10523,3.25
10524,3.75
10525,3
10526,1-1.6
10529,1.6
10540,03-07
10541,02-03
10610,2.5-3.1
10611,0.5-2.1
10613,0.5-1.1
10622,1.25
10623,1.3
10624,1.25
10777,1.35
10778,1.5
10786,1.35
10787,0.4
10799,2.25
10806,0.8-1.7
10814,1
10825,0.8
11058,1.25
11061,1-1.5
11062,0.5-1.2
11063,2.15
11064,0.3-1.2
11065,2.4
11066,4.1-6
11086,0.6
11112,1.1
11113,1.75
11114,1-4.5
11115,2.7
11116,1.75
11118,1.7-2.0
11119,1
11120,3.65
11121,0.9
11122,0.7-1.2
11123,2
11124,0.8-3
11125,1.75
11126,1-1.8
11130,1.35
11131,1.7
11132,1.35
11133,5.75
11135,0.6-1.6
11136,1.6
11140,1.3-3
11141,0.8-4
11142,0.8-3.2
11143,1.2-1.8
11144,0.9-1.4
11145,1.6
11146,0.9
11147,1
11148,1.9
11149,0.9-1.4
11150,3.5
11151,1.25
11153,1.5-3.0
11154,1.5-2.8
11155,0.8-2
11157,1.8
11217,0.8-1.2
11231,0.7-1.5
11236,1.65
11251,0.5
11252,0.8
11262,1-1.2
11272,2-3.2
11274,1.2
11277,1.4-15
11279,2.5-7.5
11282,1.7
11283,1.6-1.8
11284,1.4
11293,1.6
11295,1.8-3.5
11296,1.25
11297,3.15
11298,2.15
11303,01-02
11306,0.8
11307,0.7
11308,1.5
11324,1.675
11325,3-3.5
11326,3-3.5
11327,2-2.5
11328,1.8-2.2
11330,1.75
11331,5.35
11332,2
11333,2
11334,2.7
11335,2.75
11336,1.3-3
11337,1.2-3
11339,2
11340,1.5-2.5
11341,1.6
11342,1
11365,1.6-2
11366,2.3
11367,2
11369,2
11370,1.8
11371,1.75
11372,1.9
11375,1.75
11401,5
11437,3.5
11439,7
11441,2-4.3
11445,2.5
11446,3
11447,2.5
11448,4.5
11450,4
11451,1.2-3.5
11452,1.2-2.5
11453,1.4-3.5
11457,2.1
11563,4.5
11575,3.5
11578,2.5
11579,3
11580,2
11581,3.25
11582,3.25
11584,2.25
11585,3
11586,3.95
11587,3.05
11588,02-03
11589,2.25
11598,2
11599,1.75
11600,4-4.8
11601,4
11603,1.5-3.0
11604,2.5-6.8
11607,4
11608,2.55
11610,03-05
11612,03-05
11615,2-5
11616,2
11620,2.95
11621,1.15
11624,03-06
11625,2.0-12.4
11626,1.8-6.8
11628,2.3
11629,3.75
11630,3.2
11631,3.05
11632,2.75
11633,2-3.5
11635,3
11636,3-8
11637,4-12
11639,3
11646,4.5
11647,2.55
11648,2.2
11650,02-03
11651,1.4-1.6
11655,2.25
11656,2.25
11657,5.25
11660,6
11666,3.5
11667,03-04
11667,3-4
11668,1.1
11669,4
11760,2
11765,3.3-6
11772,3.15
11780,5
11787,1.8
11828,10
11829,02-03
11831,5
11832,02-05
11835,2.25
11836,3
11840,5.5
11847,0.8-0.9
11849,3.6-7.3
11851,4
11861,1.3
11862,1.4
11866,1.75
11868,2.5
11870,0.7-2
11871,2.0-3.0
11872,1.95
11890,1.2-1.5
11894,01-03
11895,2
11897,1.35
11908,1.6
11909,01-03
11910,0.8-1.5
11911,0.8-1.5
11912,1
11913,2.0-5.0
11923,1.0-2.5
11924,1.0-2.7
11925,0.8-2.0
11930,1.15
11931,1.2-1.5
11931,1.35
11932,1.3-1.7
11932,1.5
11933,1.0-2.0
11934,1
11942,1.75
11945,1.7
11946,2.85
11960,2.9
11996,2.8
11997,2.5
11998,1.1-2.6
12000,2.5
12001,2.5
12006,1.5
12009,1.25
12010,1.3
12011,6
12131,3.3-7.2
12217,4.0-7.0
12496,1.3-1.7
12498,1.7-2.5
12501,2.1
12502,1.95
12503,1.75
12513,3.5
12514,2.05
12518,6.35
12519,1.3-3
12521,9.2
12522,1.5
12523,1.5
12524,2.5
12538,1.25
12539,9.15
12540,4.1
12541,1.3
12542,1.95
12543,5.4
12544,0.8-6
12547,0.95
12548,1.16
12555,0.75
12556,1.1
12557,2
12558,1.7
12560,0.8-3
12562,1.9
12563,1.6
12564,3.25
12565,1.5-2.5
12566,0.9-5
12569,1.45
12570,1.55
12581,1
12582,1.2
12609,0.9
12636,0.8-0.9
12659,2.6
12665,1.4
12666,1.2
12668,0.5-1.0
12671,0.8-1.0
12701,0.4-0.7
12702,01-02
12716,1.05
12800,0.2-0.6
12851,1-2
12966,1.5-2.0
13105,1.5-1.8
13114,1.4
13115,1.6
13124,3.5
13125,1.5
13130,02-03
13131,02-03
13146,1.5-3
13153,1.5
13161,1.75
13162,2.15
13163,0.9
13164,3.15
13166,1.1-1.3
13169,1.75
13172,1.2
13173,1.35
13175,1.5
13176,1.9
13180,1-2.2
13186,0.8-1.9
13272,1.5
13382,1.9
13403,01-02
13405,1
13472,1.25
13487,1.25
13493,1.25
13519,06-14
13521,1.6-2.2
13522,14
13564,1.2
13565,1.5
13566,1.2-1.4
13630,1.2
13633,2-2.5
13635,01-03
13638,2
13639,2
13640,1.25
13647,2.5-3.0
13648,2.4
13652,4
13655,1.65
13656,3
13660,1.5
13662,0.65
13664,1.5
13666,1.5
13667,1.75
13668,2
13670,1.4
13671,2.28
13672,3.5
13673,3.5
13674,2.5
13678,2.15
13682,2
13684,3-5
13684,4
13685,1.6
13687,1.1
13688,0.8
13690,2-4
13691,2-4
13692,2-4
13727,1.75
13728,4
13729,1.1
13731,1.4-1.9
13732,1.35
13733,1.8
13734,1.8
13736,1.2-8
13737,3.25
13747,01-02
13748,1
13749,1.2
13750,1.5-1.8
13751,1.75
13752,1.4
13759,1.5
13769,2.8
13770,2.15
13772,4
13774,02-04
13777,1.6-3.4
13778,2.6
13785,1.45
13786,01-02
13787,1.3
13788,3.25
13789,2.3
13790,2.25
13795,1.35
13797,1.1
13798,1.05
13823,1.75
13824,1.5-2
13825,1.5-1.9
13826,2.25
13829,1.6-10
13830,2.2
13832,1.5
13833,4.5
13835,1.3-2
13836,1.95
13839,1.3
13840,1.7-2.8
13841,0.75
13842,2.25
13843,2-2.5
13844,2.1
13845,2.25
13846,1
13847,1.2-1.8
13848,1.8
13849,2.5
13851,2.7
13852,2.25
13853,2.5
13854,2.6
13855,0.8-1.8
13856,0.9-1.6
13857,0.8-1.2
13858,1.2-2.4
13861,0.8
13865,2.25
13868,1.4
13869,1.4
13872,1.5
13876,01-02
13878,1.75
13889,1.65
13893,1.85
13895,1.7
13902,04-06
13904,1.7
13905,1.6-2.1
13906,1.19
13921,1.75
13924,1.1-2.0
13931,0.8-2
13936,5
13942,3.25
13946,2.5
13947,2.5
13962,5.5
13963,4
13966,5.5
13967,1.55
13968,1.45
14000,3.6-7
14013,08-09
14021,1.4
14022,1.9
14023,0.5-1.3
14023,1.3
14024,1.1
14025,3.25
14026,1.85
14027,3.5
14031,0.5-3
14032,0.6-4
14033,2.4
14036,1-3
14042,22.6
14046,1.2-2
14049,3.25
14050,1.15
14052,1.35
14070,1.5
14072,3
14073,2.25
14074,1.7
14075,2.5-3
14076,2-2.5
14077,3.2-4
14078,02-03
14079,1.8
14080,2.5
14081,3.5
14082,1.5
14084,2.5-4
14085,2
14088,2
14090,1.5-3
14099,6.5
14100,2.15
14101,2.3
14104,3.35
14105,2
14106,2.2
14107,2.2
14108,2.1
14109,2.73
14110,2
14111,2.5
14112,1.85
14113,3
14114,2.5
14115,3.1
14116,1.9-2.2
14128,1.5
14129,0.6-1.4
14130,1.75
14131,1.7
14132,1.25
14133,20.75
14134,20.75
14134,6-15
14135,2.15
14136,1.2-5
14137,1.3-2.5
14138,1.35
14140,15.65
14152,0.97-1.95
14153,1.05
14155,2.9
14162,1.4
14163,1.5
14164,1.4
14165,1.25
14166,1.6
14167,0.8
14187,1.15
14192,2.6
14193,0.95
14194,1.8
14195,2.15
14196,1.15
14197,1-1.2
14232,2.5
14239,0.5
14240,1.25
14241,1.7
14242,1.6
14243,2.25
14244,0.9
14245,1
14246,01-03
14248,1.0-1.5
14249,1.7
14250,0.8-1.5
14252,0.85
14253,1.1
14254,1.2
14255,1.2
14256,1.75
14257,3
14259,1.65
14260,1.85
14261,2
14262,1.4
14263,0.8
14264,2.35
14269,1.2
14270,1.4
14271,2.6
14272,1.5
14280,2
14284,1
14286,0.3-0.9
14287,0.8-1.1
14295,2.35
14296,1.3
14297,1.5-2
14298,1.5
14299,1.5
14308,18
14310,20
14311,20
14313,20
14319,0.8-1.5
14319,6-7
14324,15-25
14336,15-300
14337,10-12
14338,8.0-18.0
14339,105
14349,10.5
14404,01-04
14405,5.5
14408,32
14413,0.9
14415,1.75
14416,1.75
14430,1.5
14431,0.9
14432,0.6-0.8
14433,1
14665,0.75
14674,0.5-1.1
14718,1.9
14847,0.6
14879,1
15209,1.0-1.4
16024,0.9
16401,1.4
16427,0.85
16461,0.85
16462,0.75
16471,0.8-1.2
16490,1.5-1.7
16491,0.7-0.9
16492,0.5-1.0
16503,0.775
16556,1.43
16584,0.8-3
16585,0.8-3
16618,0.75
16638,3.1
16671,2
16679,2
16686,3.15
16687,5
16688,1.5-4.0
16690,5.25
16698,6.6
16711,1.7-10.0
16732,2
16733,5
16790,03-06
16797,2.5
16798,1.5-10
16808,1.1
16810,2
16822,02-05
16846,2.6
16847,02-15
16851,10.25
16889,0.8-1
16890,3.54
16896,1.1
16897,1.25
16902,4.5
16999,5
17007,1.1
17008,1.1
17010,0.9
17010,1.15
17011,1.1
17012,1.1
17013,1.1
17033,1.0-2.5
17038,4.5
17042,1.5
17044,1-2.4
17048,1.4-5.0
17051,23.5
17057,1.8
17068,2-7
17071,1
17074,15
17083,4.85
17084,5.35
17110,2.3-6
17123,0.45
17124,0.8-2
17126,7.5
17127,1-6
17131,1.2-1.9
17132,1-1.4
17146,03-50
17147,24
17166,5
17167,2.8
17177,0.4
17205,6
17212,1.25
17217,3
17218,1.25
17226,1.7
17232,3.05
17233,1.3-2
17234,1.8
17245,1.65
17246,5
17298,2.2
17299,2.1
17308,2
17312,2.5
17313,2.5
17314,2.5
17340,01-02
17341,1.6
17342,1.5
17343,1.5
17346,02-03
17351,3
17353,1.5-1.8
17355,1-1.5
17358,0.9
17367,2.8
17368,1.47
17369,2.09
17381,1.6
17407,0.9-1.7
17410,1.1
17411,0.9
17414,02-03
17442,2
17443,3
17444,2.25
17445,1.4
17448,2.45
17449,1.25
17450,01-02
17452,2.95
17453,1.2
17454,1.8
17455,1.5-2.1
17456,2.35
17457,2.95
17458,3
17459,1.25
17461,3
17465,3
17467,1-1.5
17469,0.8-1
17470,1.4-2
17473,1.8-2.2
17483,7.25
17484,03-04
17485,03-04
17486,3
17487,3.5
17489,3
17490,1.5
17491,1.5-2
17492,1.4
17493,11
17495,1.9
17496,2
17498,0.6-0.9
17500,1.15
17504,1.2
17505,1.2
17506,1.2-3
17509,1-1.25
17511,0.4-2.6
17513,2.15
17514,0.8-1.6
17515,1.5-4
17516,2.75
17518,2.25
17519,3.5
17520,1.2
17523,2.3
17532,1.5
17623,1.75
17624,1.0-3.0
17625,2
17628,1.2-1.5
17631,0.8-1
17634,0.6-0.8
17635,1-1.2
17636,0.4-1
17640,1.5-3.5
17646,1
17648,1.25
17650,0.8
17651,1.2
17655,2.5
17656,4.5
17658,1.2
17661,1.75
17662,1.75
17663,0.61
17664,2
17668,1.3-2.8
17679,2-5
17679,3.5
17689,1.5-8
17691,2.5-6.0
17692,8.25
17693,2.25
17695,2.5
17698,1-1.8
17699,0.8-2.6
17700,1.1-1.7
17701,6
17702,2.3
17704,6
17705,6
17706,2
17707,2.25
17708,0.8-2.5
17710,1.75
17711,1.5-15
17712,1
17714,3
17716,0.9-3
17716,0.9-3.0
17717,0.9-1.2
17718,1.1-2.3
17719,0.8-2.3
17719,1.2-1.9
17720,1.5-3
17737,1.45
17738,02-03
17739,2.6
17740,40
17747,1.2
17749,0.7
17750,4
17751,7
17752,1.45
17756,10-50
17757,10-40
17758,1.25
17759,1.1
17760,1.8
17761,0.8
17762,4.5
17763,17.5
17764,15.35
17765,2.25
17775,6
17776,02-03
17777,2-8
17779,1.7-2.7
17782,3
17783,02-03
17784,1.55
17785,1.5
17787,0.7
17788,0.9
17789,1.15
17791,7
17795,1.5-3.5
17797,22.5
17798,4.95
17803,9
17805,4-10
17815,6.25
17816,5.5
17817,7
17819,8.75
17820,1-3
17829,1.2
17830,1.75
17838,1.5
17839,0.9
17840,4
17841,3
17842,0.75
17843,2.5-3
17853,2
17854,4.25
17857,4
17858,1.35
17859,4.5
17864,3
17865,11.25
17866,12.5
17867,6.25
17874,1-2.5
17879,1.25
17884,05-10
17885,4.5
17886,1.1-1.2
17887,2
17891,1.9-2.4
17895,4
17896,3
17897,03-12
17899,2
17901,2
17902,1.1
17903,1.5
17904,1.6-2
17905,0.9-2.0
17906,3.5
17907,1.4-1.8
17909,02-05
17910,0.5-4.5
17911,1.5
17913,2
17915,1.8-4.5
17916,3.5
17917,1-1.5
17918,2.8
17928,1.3-2.0
17932,3.15
17950,1.73
17952,1.7
17955,4
17956,1.2-2.3
17958,1.35
17964,3.7
17965,5.65
17980,01-06
17981,01-06
17982,0.8
17983,3.5
17989,1
17993,11.5
18024,1.5-3.5
18026,2.8-9.4
18028,3-3.2
18028,3.1
18029,3-3.2
18029,3.1
18033,3.5
18037,1.5-4.5
18040,2-7
18043,01-03
18051,2-7
18062,7.5
18078,2.6
18080,4
18088,2.5
18091,04-12
18092,1.05
18094,1.45
18100,2.2
18115,1.2
18119,6
18120,1.5
18132,2.98
18133,1.1
18135,0.4-0.9
18136,2.5
18151,1.1
18152,1.05
18153,0.9
18154,2.6
18155,0.4
18157,4.7
22898,1.1
22899,0.6-1.3
22899,1
22900,2.1
22901,0.5-1.8
22901,1.15
22902,1.5
22904,1
22906,1.65
22907,1.75
22921,2.5-3.5
22925,6
22931,1.2
22933,6.5
22934,3.5
22936,2.5
22937,2
22938,0.85
22941,2
22942,1.75
22946,6.7
22956,0.55
22962,2.5
22967,4.4
22968,3
22969,4
22975,1.75
22978,1.4
22982,1.5
22986,0.7
22987,0.55
22990,2.75
22991,2.25
22995,1.15
22996,2.75
23003,2.25
23005,1.25
23011,3.1
23013,1.0-2.0
23013,1.5
23016,1.75
23019,3.0-6.0
23024,1
23025,2
23028,2.1
23030,1.2
23031,1.25
23033,1.4
23034,1.4
23035,6.5
23052,02-05
23064,1.6
23071,0.2
23072,22
23074,3
23076,10.6
23077,1.95
23078,3.25
23082,7
23092,1.8
23093,1.75
23098,2
23100,0.8-1.2
23103,0.43
23126,0.69
23147,0.9
23149,3.5
23150,3.03
23151,0.5
23153,2.25
23155,0.65
23161,2.5
23163,2.5
23164,1.65
23165,1.3
23172,2.5
23174,1.3-2.3
23180,6.25
23182,1.8
23183,6
23185,3
23186,3.5
23197,2.5
23198,2.5
23199,3
23200,0.6
23224,3.5
23225,1.1-1.7
23228,2.75
23230,1.2-2.3
23231,1-1.5
23232,0.8-3.6
23234,2.05
23235,2.75
23239,2
23240,1.9
23241,1.9
23243,2.025
23250,2
23252,1.7
23259,1.75
23265,1
23266,1.7
23267,1.3
23268,2
23270,1-2.5
23271,1.4
23272,1.75
23273,0.95
23277,1.3
23278,1.5
23279,1.5
23280,2.25
23281,1.45
23284,1.5
23286,1.17
23299,0.6
23300,0.75
23302,1.4
23303,0.65
23306,0.7
23307,0.7-0.8
23318,0.7
23330,1.25
23331,2.25
23332,1.15
23339,3.25
23340,01-05
23341,1.25
23343,2.25
23344,1.9
23345,2.5
23347,1.95
23348,1.05
23349,100
23439,2.5
23440,4.25
23443,8.5
23449,1-1.2
23450,3
23454,10
23455,1.75
23457,7.5
23458,1
23491,0.86
23513,1.55
23525,2
23547,2.25
23552,3.5
23706,1.8-2.7
23706,2.5
23707,1.9
23709,6.5
23710,6.5
23712,2.0-3.4
23713,1.5-3.6
23735,0.9-1.5
23736,1.3-4
23737,6.5
23739,12
23740,1.2-3.5
23741,2
23742,2.5
23743,02-10
23745,4
23755,1.2-3.5
23756,1.5-4
23759,2.15
23760,2.5
23761,2.1
23763,3.5
23764,3.65
23765,5.5
23766,2.5
23769,1.5
23770,3.5-8.0
23771,3.0-8.0
23781,1.39
23782,1.15
23783,1.45
23784,1.35
23792,1.45
23794,0.65
23795,1.2
23796,2
23808,1.125
23809,0.75
23811,2
23817,1.3
23819,1.5
23861,4.25
23862,4.6
23868,3
23876,1.25
23877,1.3
23880,1.9-2.4
23883,9.75
23884,1.5-1.6
23885,1.5
23898,6
23970,2.5
23992,1.5
23998,2.1
24004,1.15
24008,1.35
24011,02-40
24012,03-08
24013,27.5
24014,4.25
24017,2.5
24021,1.75
24023,2.5
24024,2
24030,2.7
24031,1.5
24032,1
24035,2.75
24038,0.85
24039,1.45
24046,1.5-3.0
24047,2.6
24048,1.2
24049,2
24051,4.3
24062,1.95
24065,6.5
24068,1.5
24080,12
24083,8.5
24087,0.8
24088,1.5
24101,2.1
24107,1
24109,0.8
24114,1.75
24117,8.25
24127,2.2-3.9
24130,1.75
24131,3.75
24132,2.25
24133,5
24134,1.85
24135,6.25
24137,5
24139,2
24140,3
24150,1.5
24151,1.1
24156,1.65
24159,1.15
24171,7-25
24173,4.1
24174,2.5
24175,2.5
24177,1.95
24180,1.15
24181,0.8-1
24186,0.76
24187,0.93
24188,0.8
24189,1.33
24206,1
24207,1.5
24234,0.87
24248,0.65
24250,1.31
24251,1.26
24261,1
24271,4
24280,2.5
24281,4.15
24282,1.2
24283,1.05
24285,2.5
24286,2.5
24287,4
24294,4.25
24301,3.5
24302,2.3-4.7
24311,1.35
24313,1.5
24314,1.5
24327,1
24335,2.5
24336,8.5
24338,1.25
24343,1.4
24346,0.65
24433,1.8-2.5
24437,3
24438,1.25
24439,1.75
24440,2.5
24471,1
24484,1.75
24486,1.5
24489,2.25
24490,1.9
24491,1.9
24494,1.6
24495,1.4
24498,0.9-6.5
24500,2.5
24502,4.5
24503,01-10
24504,0.75
24505,3.5
24507,1.0-6.0
24508,2
24510,1.3
24514,5.5
24516,2.65
24517,5.5
24518,8.25
24522,1
24523,2.5
24525,1.75
24527,2.15
24534,1.75
24542,5.5
24551,2.5
24556,1-1.2
24564,1-1.2
24566,1.51
24597,3.5
24605,0.75
24606,0.75
24607,0.875
24608,0.875
24651,2
24663,1.75
24667,1.35
24668,2.75
24669,1.1
24670,1.8
24674,2.5
24675,1.225
24683,2.1
24683,2.5
24684,0.25
24716,5
24718,2.4-4.7
24720,1.7
24721,3.5
24722,02-03
24724,2
24725,5
24730,1.45
24733,0.85
24734,1.2
24735,1.25
24736,1-1.2
24737,3
24739,7.25
24744,2.25
24746,3
24747,0.8-1.9
24748,1.85
24754,3-6
24757,3-6
24759,3-6
24761,3.5
24762,1.6
24763,2.2
24769,1.65
24770,6
24772,3.5
24776,2.75
24777,2.75
24783,2.5
24785,0.9
24787,0.55
24788,0.55
24794,3.75
24796,0.75
24800,1.5
24801,0.65-10
24803,1.45
24814,1.4
24816,3
24820,1
130135,1
130138,1.5
130139,1.7
130153,4.5
130201,1.5-2.2
130226,1.1
130227,1.25
130228,1.5
130254,1.35
130271,2.5
130281,1.2
130283,2.25
130318,1.35
130339,3
130420,1.5-2.2
130449,1.5
130450,1.5
130458,1.0-2.0
130462,2.25
130499,2
130500,1.2-2.5
130501,2
130507,1.5
130527,1-2.5
130529,3.1
130530,1.65
130531,2.7
130532,1.435
130533,2
130575,1.6
130607,3.15
130608,3.25
130609,2.45
130612,0.95
130613,0.7-2.1
130619,2
130621,2.15
130622,1.34
130623,2.15
130624,1.42-3.37
130625,1.8
130630,1.15
130631,2.8
130632,1.95
130633,1.25
130637,1.1
130639,01-08
130640,4.4
130643,1.5
130644,1.3
130655,2.15
130670,1.6
130671,2
130672,0.85
130677,1.4
130749,2-2.5
130765,1.5
130771,2.35
130794,3-6
130802,0.9
130813,3.15
130823,1.25
130824,3
130841,2.7
130847,2.75
130849,1.45
130972,1.5-2.5
131144,1.3
131161,22.5
131163,2.8
131179,13.75
131181,1.75
131249,8.5
131250,1.8
131253,1.6
131254,1.6
131258,2.25
131259,3.5
131260,1.8
131261,1.6
131262,1
131263,1.15
131264,3.25
131429,2.9-6
131560,1.5-3.0
131684,0.9-1.8
131756,03-05
132014,15-25
132060,1.9-3.1
132082,1.3
132090,0.6-1.4
132093,0.8
132094,0.8
132110,1.15
132119,1.25
132137,1.15
132144,1.35
132145,1.55
132147,2.61
132148,2.59
132150,1.5
132151,2.5
132152,1.45
132154,1.58
132155,0.86
132155,1.08
132157,1.5-6
132158,2
132159,0.95
132172,0.5-7
132342,0.5-0.7
132350,0.8-1.4
132351,1.0-2.0
132353,1.0-2.5
132354,1-1.4
132355,8.0-10.0
132356,1.5-3.0
132357,1-2
132358,1.4-4.6
132359,2-6
132361,0.9-1.5
132362,3-6
132363,3.6-4.5
132364,1.3-1.5
132365,2-3
132366,1.2-6.0
132370,2
132372,2.7-2.9
132374,1-1.5
132375,1.8
132376,0.9-1.7
132379,1.2-1.5
132380,0.6-1
132382,3
132383,1.5-2.6
132384,2.7-3.2
132385,1.2-1.8
132386,2.9-5.1
132387,2-3.5
132388,2.5-6
132389,2.5-3.5
132390,2.3-3.6
132391,5-10
132393,1.0-1.2
132395,1.5-2.1
132396,1-3
132397,3.2
132403,1.5-2
132404,2-3
132412,0.8-1.7
132413,1.2-1.7
132414,1-2
132415,0.8-1.0
132416,0.8-2.0
132417,1.5-2.5
132418,0.63-1.08
132419,1.3-2
132428,0.5-0.9
132429,1-2
132430,1.2-2
132433,1.1-2.3
132434,0.7-1.1
132436,3.1
132438,2.1
132443,1.9-2.2
132446,1.5
132448,0.4-1.4
132449,1.5-2
132450,2-4
132451,1.8-6.9
132455,0.8-1.2
132456,0.48-0.62
132457,1.5-2
132465,1.2-2.4
132467,0.9-3.4
132468,0.4-1.5
132478,2.0-5.0
132479,0.7-2.5
132480,0.4-1
132482,1.5-2-5
132483,0.9-1.1
132484,1.2-2.2
132486,0.5-1.5
132487,0.45-0.1
132488,0.92
132490,1-2
132514,0.8-1.4
132515,1-2
132516,1.7-2.6
132517,1.3-15
132525,1-5.3
132526,0.7-2.2
132527,1.2-4.0
132528,0.4-1.3
132529,1.2-3
132530,2.5-4
132531,2-4
132534,0.4-2
132547,1.2-2.1
132548,1.4-1.5
132549,0.6
132550,7.5-9
132551,3.0-12.0
132560,1.0-2.3
132569,1.0-2.5
132572,2-3
132573,1.5-2.5
132574,2.9-14.6
132575,3.5-7
132576,1.05
132577,1.5-2.5
132579,2
132582,1.3-2
132583,6.4-9
132584,9.5-12.0
132586,1-2
132587,2.8-3.4
132588,1.3-1.9
132589,0.8-09
132590,3-15
132596,1.5-2.5
132597,1.1-3.5
132605,1.5-7
132609,0.75
132610,0.8
132611,1.0-6.0
132612,0.5-0.7
132618,0.9-1.1
132619,1.2-3.5
132620,1.0-2.2
132621,0.9-1.8
132622,1.0-2.3
132623,0.9-6.0
132624,1-1.5
132625,0.5-0.8
132626,1.6-2.2
132627,0.9-1.9
132628,0.9-1.8
132631,1.0-1.1
132635,0.5-0.6
132636,0.6-1.5
132637,1.6-3.0
132639,2.0-4.0
132640,3.0-10.0
132642,2.0-6.0
132643,1.0-10.0
132646,2.0-6.0
132647,1.0-1.8
132648,2.0-4.0
132649,2.1-2.6
132650,1.1
132659,0.7-0.9
132660,0.7
132663,1.0-1.5
132665,2
132676,2
132677,3
132678,1.6-10.5
132679,5.0-10.0
132680,1.0-10.0
132681,1.3-2.3
132846,1.1-2.3
132874,1.2
132885,1.1-1.3
132891,2.5-3.2
132893,0.8-2
132910,0.5
132911,2.5
132915,1
132918,0.9
132956,0.6-1.0
132963,2.36-2.76
132964,0.8-1.3
132966,1.5-3.5
132969,3.0-5.0
132970,1.25-2.3
132973,1.0-1.4
132974,2.5-3.5
132975,0.5-2.0
132976,1.6-3.8
132977,1.8-2.2
132978,2.2-2.4
132984,2-6
132986,4-11
132987,0.9-1.3
132988,2.5-4.5
132989,1.2-1.8
132991,0.8-1.5
132992,1.5-1.8
132993,1.6-1.8
132995,0.8-2.0
132997,2.1-2.7
132998,0.6-1.8
132999,1.5-2.2
133002,2.0-5.0
133003,2.9-30.0
133006,0.3-3.0
133007,1.0-1.6
133008,1.6
133009,0.5-2.0
133010,1.6-3.3
133011,1.4-2.3
133012,2.8
133013,1.0-1.4
133014,1.0-1.6
133015,1.1-3.4
133018,0.7-1.2
133020,2.1-2.6
133021,3.5-10.0
133022,1.52-1.83
133023,0.7-1.6
133027,4.0-6.5
133028,1.1-1.4
133029,1.5-2.9
133030,1.0-5.0
133032,1.7-4.8
133033,1.3-1.7
133034,1.8
133046,0.6-1.0
133060,4-5
133061,2.0-5.0
133063,1.2-2.2
133067,1.98-2.30
133068,1.0-2.0
133070,3.3-6.7
133071,2.0-3.0
133072,1.6-2.2
133073,0.77-1.15
133074,0.6-1.7
133075,1.5-3.0
133076,3.0-25
133077,3.0-12.0
133078,2
133079,2.0-6.0
133081,0.9-1.1
133083,1.2-2.2
133084,0.8
133085,1.8-2.8
133086,1.5-2.1
133087,1.1-1.2
133088,1.1-3.6
133089,2.0-3.0
133090,1.3-3.5
133091,1.0-1.5
133092,2.0-4.0
133093,0.56
133094,2.0-2.5
133096,1.2-1.5
133098,4-7
133099,1.2-3.5
133102,1.0-1.4
133103,0.7-1.0
133104,0.7-2.0
133111,2.2-2.6
133113,0.9-1.4
133113,1.0-1.2
133113,1.0-1.3
133113,1.2-1.6
133117,0.5-10.0
133118,2-6
133120,2.6-3.1
133121,0.8-2.0
133122,2.5-16.5
133124,3.5-4.0
133125,0.8-1.5
133127,0.9-1.4
133127,2.05
133130,0.5-2.0
133136,0.5-2.0
133140,3.5
133141,1.0-2.5
133142,1.1-1.3
133143,0.7-1.2
133144,1.1-1.5
133145,1.0-2.5
133145,1.2-1.5
133145,7
133146,1.0-2.5
133147,0.5-4.0
133148,0.4-10.0
133149,2.0-9.0
133151,1.0-2.5
133153,1.0-1.6
133154,1.3
133154,1.7-2.3
133156,0.5-1.0
133157,4.0-20.0
133158,1.2-1.4
133159,0.7-0.8
133160,1.2-1.5
133161,1.6-2.2
133163,0.2-3.0
133164,1.0-1.12
133165,1.0-1.5
133165,1.2-2.5
133167,1.9-2.8
133168,1.4-1.5
133169,0.4-10.0
133170,1.0-2.0
133171,0.56-0.84
133172,1.0-2.0
133173,1.2-1.3
133174,1.2-1.6
133176,1.5
133177,1.48-1.68
133178,0.4-8.0
133179,1.3-1.9
133180,1.6-1.8
133181,0.9-1.4
133182,3.5-5.4
133183,0.8-1.0
133186,1.4-2.0
133188,1.2-2.3
133189,2.2
133190,3.3-4.2
133191,1.7-1.8
133193,1.5-3.0
133194,1.1-1.6
133195,0.8-1.2
133196,1.0-3.0
133197,2.5-15.0
133198,1.5-2.7
133199,0.8-1.5
133200,0.7-0.8
133201,2.0-10.0
133202,1.0-2.0
133203,0.5-1.0
133204,1.2-1.6
133205,2.0-4.0
133206,2.2-3.2
133207,2.5-2.9
133208,0.9-1.6
133209,1.6-6.4
133210,2.5-4.4
133211,0.87
133213,0.2-17.0
133214,1.6-2.2
133215,1.2-3.0
133216,1.1-2.8
133218,1.0-1.2
133219,1.3-1.9
133220,1.0-2.5
133221,1.8-2.1
133222,1.5-2.0
133223,2.0-8.0
133224,0.5-3.5
133225,0.6-2.5
133226,0.9-4.2
133227,6.1-7.5
133228,0.8-0.9
133229,1.3-5.9
133230,1.26-1.80
133237,1.0-1.2
133239,0.8-1.2
133240,1.2-1.7
133241,1.0-2.1
133242,0.8-0.9
133244,1.0-6.0
133245,0.5-1.2
133246,0.65-0.70
133247,1.0-2.0
133248,1.0-1.5
133249,1.0-1.5
133250,0.5-10.0
133251,0.3-0.8
133252,2.1-3.5
133253,2.0-2.5
133254,2.0-3.0
133256,1.2-2.5
133257,2.5-18.7
133258,0.4-10.0
133259,0.8-1.2
133260,4.8-8.0
133261,0.3-10.0
133262,1.1
133262,1.4-2.5
133262,3
133264,2.0-3.1
133265,1.0-2.5
133266,1.2-4.0
133267,0.64-2.55
133268,1.1-2.5
133268,10.0-30.0
133269,1.5-2.0
133270,1.1-2.0
133272,1.6-1.8
133273,1.5-3.5
133275,1.0-2.0
133276,1.3-1.4
133277,1.3-3.6
133278,1.5-1.6
133279,1.5-2.0
133280,0.8-2.0
133281,1.6-1.9
133282,1
133283,0.8-1.0
133284,1.3-1.7
133285,1.0-2.5
133286,2
133287,0.8-2.4
133288,0.832
133289,0.8-1.0
133290,1.05-1.17
133291,0.6-2.0
133292,1.2-2.5
133294,1.0-2.4
133296,1.5-2.0
133297,1.5-3.3
133312,1.3-2.6
133313,2.0-2.5
133314,2.0-2.5
133318,0.8-1.0
133319,0.5-1.2
133320,0.6-1.2
133321,1.4-2.0
133322,1.8-2.9
133323,2.5-3.0
133324,0.5-8.0
133325,0.4-5.0
133326,1.0-1.7
133328,1.5
133329,0.8-1.0
133330,4.0-8.0
133331,1.6-3.8
133332,1.3-1.7
133333,1.6-3.8
133335,1.0-2.0
133336,1.5-20.0
133336,2.0-17.0
133338,0.5-1.0
133339,1.0-1.5
133340,1.6-2.8
133341,0.5-0.95
133342,1.3-1.6
133343,1.5-2.8
133344,1.0-2.5
133345,1.5-2.2
133346,1.1-2.4
133347,1.2-1.8
133348,1.3-1.5
133349,1.0-2.5
133352,0.9-1.5
133353,0.8-1.6
133359,2.0-2.5
133360,1.7-1.9
133361,1.6-2.0
133362,0.5-10.0
133363,1.1-2.0
133364,2.6
133365,1.2-1.8
133366,1.0-1.5
133367,1.5-3.0
133368,1.4-2.0
133369,8.6-14.5
133370,1.7-2.0
133371,2.0-3.0
133372,5.5-6.0
133373,0.9-1.5
133374,1.0-1.3
133375,1.2-2.4
133376,1.0-4.5
133376,1.2-2.0
133376,1.2-2.6
133379,1.5-3.5
133380,2
133381,1.5-2.5
133383,1.0-1.4
133385,0.5-0.6
133386,2
133387,0.4-1.5
133387,1.4-3.2
133388,1.3-1.9
133389,2.0-3.0
133390,1.6-2.4
133391,1.3-1.7
133392,1.2-2.8
133393,1.4-2.0
133394,0.8-4.3
133395,1.8-4.0
133396,1.5-3.0
133397,2.4-8.2
133398,1.5-4.0
133400,2.0-11.0
133401,1.3-1.5
133402,1.2-1.5
133403,0.5-1.1
133404,1.0-1.3
133405,0.8-1.2
133406,0.4-4.0
133407,0.8-1.2
133408,0.889
133409,1.0-1.8
133410,2.3
133411,1.3-2.0
133412,2.0-10.0
133414,5.1-5.6
133415,2.5-4.5
133417,3.3-5.5
133418,1.8
133419,1.0-2.5
133420,1
133421,1.5
133422,1.5
133423,3.1
133424,2.25
133425,11.8
133426,2.85
133427,2.75
133429,2.5
133430,1.05
133431,2.05
133432,1.1-1.3
133434,11.5
133435,1.85
133436,1.4
133437,1.35
133438,1
133440,1.35
133441,1.45
133442,1.5
133443,2.3
133444,3.25
133445,0.8-1.0
133446,1.73
133447,0.35
133448,1.45
133449,2.4
133450,8.75
133451,1.8-3.3
133452,2
133453,2.5-4.0
133454,1.75
133455,1.5
133456,0.9
133457,1.8-3.0
133458,2.8
133459,1.5
133460,1.45
133461,1.95
133464,1.7
133466,1.75
133467,1.2
133470,2
133471,1.5
133472,1.7
133473,1.8
133474,0.85
133475,1.25
133476,1.5
133477,0.7
133478,2.1
133479,3.25
133480,1.75
133481,01-03
133482,2.15
133483,2
133484,3.75
133485,3
133486,5.5
133487,1.75
133488,11.5
133489,2.7
133490,1.7
133491,1.3
133492,4
133493,1.1
133494,3
133495,0.8-1.8
133496,4.4
133497,0.7-3.5
133499,2.5
133500,2.6
133503,11
133504,1.05
133505,2
133506,1.1
133507,7
133509,0.85
133510,4
133511,5
133512,1.75
133513,1.65
133514,2
133515,1.5
133516,2
133517,0.85
133518,1.72
133519,1.2
133520,1.2
133521,1
133522,1
133523,0.9
133524,1.75
133525,1.45
133527,1.35
133528,0.9
133529,2
133530,1.6
133532,1.4
133533,1.6
133534,0.5-0.6
133537,18
133538,2
133539,0.8-1.8
133540,3.5
133541,2.7
133542,1.6
133544,1-4.5
133545,1.3
133546,4.5
133547,1
133548,1.7-2.5
133549,1.25
133551,0.8-1
133552,0.5-1.7
133553,1.4
133554,2.5
133555,3
133557,2
133558,3.25
133561,1.5
133562,1.6
133563,04-06
133565,0.6-0.8
133567,0.6-1.8
133568,0.7-1
133569,0.9-6
133570,1-2.3
133571,0.8-1
133572,1.5-6
133573,01-05
133574,1.15
133575,2.5
133576,2.5-3.5
133577,1.5
133578,2.9
133579,1-1.6
133580,01-02
133582,1.45
133583,1.5-4
133584,0.7-1.4
133585,01-02
133586,1.3-1.7
133587,1.8-2.8
133588,3-6.3
133589,2-4.3
133590,1-1.5
133591,1.5
133595,0.8-1.25
133596,0.5-0.8
133597,3-25.5
133598,3.1
133599,8
133600,1.2-4
133602,01-03
133603,01-02
133604,01-04
133605,1.25
133606,0.3-2
133608,2.15
133609,1-2.8
133610,1.8-3
133611,2
133612,0.6-1
133613,2.2
133614,1.4-5
133615,1.9
133616,3.5
133617,1.4
133618,4.6
133620,3.5
133622,1.2-1.5
133623,1.75
133624,1.5
133625,0.7-2.5
133627,1.9
133629,1.6
133631,1.5-2.0
133632,1.4-1.5
133633,3
133634,2
133635,2.75
133636,2.5
133637,1.15
133641,1.6
133642,02-40
133643,1.3-1.6
133644,1.0-3.0
133645,1.2-1.4
133646,1.15
133647,2.75
133648,3
133649,2-5
133649,3.5
133650,1.45
133652,01-02
133653,1.75
133654,4
133655,2.5-5.0
133656,2.5-5.0
133657,1.7
133658,2.5
133659,5.5
133660,10
133661,2.5
133662,2.0-5.0
133666,1.5-3.0
133667,1.75
133668,1.58
133669,2.25
133670,1.3
133671,1.5
133672,1.4-3.2
133673,1.5-4.0
133674,1.25
133675,0.8-6.5
133676,1.2-15.0
133677,2.75
133678,1.0-9.0
133679,1.1-1.5
133680,1.0-2.0
133682,1.0-1.2
133683,01-03
133684,1.5
133685,1.5
133686,1.5-2.8
133687,0.5-3.0
133688,1-2.2
133689,1.4-2.2
133690,1.25
133691,0.8-2.5
133692,1.25
133693,1.75
133694,1.0-4.0
133696,1.6
133697,2.0-4.0
133698,4.25
133699,4.25
133700,1.5-10.0
133701,01-05
133702,1
133703,1.1
133704,1.5
133705,1.65
133706,1.5
133707,03-08
133708,1.75
133709,1.75
133710,7
133711,0.5-0.6
133712,2.0-8.0
133713,1.5-2.5
133715,37
133716,11.5
133719,18
133721,2.25
133722,4
133723,13
133724,3.5
133725,2.1
133726,4.2
133728,03-07
133729,2.5
133730,4
133731,3
133732,4.5-5.0
133734,4.5
133735,5.3
133737,4.5
133738,1.5
133739,2
133741,5.5
133742,1.35
133743,1.6
133744,1.6
133745,0.85
133746,3.9
133747,0.85
133748,0.75
133749,4
133750,2.25
133751,0.65
133752,1.6
133753,1
133755,4
133756,1.6
133757,1.6
133758,3
133761,1.9
133762,2.5
133763,1.75
133764,3
133765,5
133766,1.75
133768,2
133769,4.1
133771,2
133772,5.5
133773,2.4
133774,2.15
133775,1.1
133776,2
133777,1.35
133778,2
133779,1.2
133780,1.75
133781,7
133782,0.95
133783,1.75
133784,1.65
133785,4.5
133787,0.6
133788,1.1
133789,2.75
133791,2.5
133793,1.07
133794,0.75
133796,7.5
133797,1.75
133798,2.25
133799,2.85
133800,2.25
133802,2.25
133803,4
133804,3.5
133806,1.5
133807,0.9
133808,1.15
133809,0.35
133810,0.95
133812,3
133813,1.6
133814,2.15
133817,1.6
133819,0.6
133820,2.45
133821,2.1
133822,1.15
133823,1.5
133824,1.4
133825,1.4
133826,4.15
133827,2.2
133828,1.5
133829,3.25
133830,1
133831,2.13
133832,2
133833,1.45
133834,1.2
133835,2.9
133836,3
133837,2.65
133838,0.7
133839,1.1
133840,2.1
133841,2.25
133842,4.9
133843,3
133845,1
133846,1.39
133847,34.5
133848,0.2
133850,2
133851,3.5
133853,2.1
133854,1
133855,1.5
133856,4
133857,2.25
133859,1.75
133860,1.65
133861,1.4
133862,1.3
133863,5
133864,3.25
133865,1.25
133866,6
133867,1.5
133868,2.1
133869,1.2
133871,1
133872,4.5
133873,2.75
133874,5.5
133875,2
133876,2.9
133877,3.4
133879,1.25
133880,1.5
133881,3.45
133882,1.15
133883,5.75
133884,1.305
133885,1.35
133886,16
133887,1.05
133889,0.9
133890,4
133891,2.45
133892,2.3
133894,2.3
133895,0.75
133896,1.25
133897,0.9
133898,0.75
133899,2
133900,1.45
133901,1.3
133902,1.25
133906,1.2
133907,1.95
133908,2
133909,6.5
133910,2.95
133911,2.5
133912,1.7
133913,15
133914,3
133915,3.25
133916,1
133917,0.8
133918,2.5
133919,1.2
133920,1.25
133921,2.8
133922,1.6
133923,2
133924,1.35
133925,4.75
133927,1.5
133928,1
133929,0.95
133930,2.1
133931,2.9
133933,0.85
133934,1.4
133937,1.5
133938,1.655
133939,5.25
133940,2.6
133941,2.3
133942,1.15
133943,5.25
133944,1.95
133945,2.35
133946,2.9
133947,3.75
133948,1.6
133949,1.4
133950,16.5
133951,0.9
133952,1.8
133953,0.65
133954,2.35
133955,1.4
133956,1.75
133957,1.5
133958,1.5
133959,2.15
133960,1.99
133961,1.75
133962,1.15
133963,1.1
133964,4.2
133965,2.25
133966,2.5
133967,2.5
133968,2
133969,3
133970,1.75
133971,2.75
133972,1.6
133973,1.55
133974,1.9
133975,1.75
133976,1.75
133977,1.1
133978,10
133979,2.75
133981,2.5
133982,2.95
133983,1.35
133984,1.1
133985,1.7
133986,1
133987,3.35
133988,3
133989,1.45
133990,1.5
133992,1.75
133993,1.3
133994,1.1
133997,2.5
133998,2.2
133999,5
134000,1.8
134001,4
134002,1.6
134003,0.9
134004,2.7
134005,1.5
134006,3
134007,4.5
134008,1.5
134009,3.05
134010,6.5
134011,2.5-3.5
134013,2.5
134016,1.25
134017,1.6
134018,1.1
134019,1.1
134020,2.1
134021,0.9
134023,2
134024,2
134026,1.9
134027,2.25
134028,1.05
134029,2.25
134030,2.35
134031,2.5
134032,1.7
134033,1.5
134034,3.5
134035,2.7
134036,2
134037,14
134039,1.35
134040,4
134041,2.95
134043,1.6
134044,2.15
134048,1.4
134049,2.1
134052,2.13
134053,7.3
134054,9.1
134055,1.85
134056,1.75
134058,2.95
134059,3.85
134060,3.3
134061,2
134065,2.5
134066,1.75
134067,1.05
134068,0.45
134069,1.6
134071,3.15
134072,2.85
134074,2.45
134077,01-03
134078,01-03
134079,1.5-2
134080,1-1.5
134081,1.2-1.5
134082,1-1.2
134083,1-1.5
134084,04-06
134085,1.5-3
134086,1-2.5
134087,2.5
134088,3
134089,1.3
134090,1.3
134091,1.3
134092,3
134093,2
134094,1.65
134095,4
134096,1.5
134098,2.75
134099,3
134101,6
134103,3.75
134104,2.75
134106,6
134107,7
134109,1.15
134110,1.1
134111,2.75
134113,1.5
134114,3.5
134115,1.25
134116,1.3-2.7
134117,1.25
134118,3.25
134119,2.5
134120,01-02
134121,1.5
134125,2.5
134126,2.5
134127,3.25
134128,4
134129,5.5
134130,5.5
134131,5
134132,8.5
134133,2
134137,2
134138,2.65
134139,3
134140,1.35
134143,0.7
134144,0.45
134145,1.9-2.5
134146,1.75
134147,1.5-2
134148,2.5
134149,4
134150,0.9-1.2
134150,1.05
134151,01-02
134152,3
134153,1.5
134156,2.5-4
134157,2.5-4
134158,2.5-4
134159,1.75
134160,10-18
134161,2.5
134162,1-1.2
134163,1-1.2
134164,4
134165,1.5-3
134166,04-05
134168,1.6-2.3
134169,1-1.5
134170,02-35
134171,0.8-1.1
134172,03-05
134173,03-04
134174,03-05
134175,4.7-10
134176,0.7-2
134177,1.5
134178,2
134179,3-6.5
134180,01-03
134181,1-1.9
134184,1-5.7
134185,0.7-4
134186,0.50-0.57
134187,0.57-1.67
134188,02-06
134191,1.4-3.6
134192,1.5-4
134193,1.5-4
134194,0.95
134195,02-03
134196,1.06-2.24
134197,11.5
134198,2-3.5
134199,0.5-1
134200,1.3-2
134201,1.8-3.6
134202,2.8-11
134203,3
134204,1.25
134206,3.5
134207,3.5
134208,1.9
134209,1.75
134210,1.35
134211,1.7
134212,4.5
134213,1.3
134214,3.0-5.0
134215,1.0-2.5
134216,2.0-3.0
134217,2.3
134220,2.5
134222,2
134223,16
134224,1.1
134225,1.1
134226,0.9
134228,2
134229,1.2-2.5
134230,1.2-2.5
134231,4.5
134232,2.15
134233,8.5
134234,3.5
134235,15
134236,0.605
134237,4.0-8.0
134238,3
134239,1
134240,0.7-7
134241,6
134242,3
134243,4.5
134244,1.5-2
134245,0.6-2
134246,0.6
134247,1
134248,1.1
134249,02-12
134250,2.7
134251,3.75
134252,1.55
134253,3
134254,1.05
134255,3.5
134256,1.05
134257,2
134258,1.7
134260,2.5
134262,0.9
134263,1
134264,0.5-1
134265,1.8
134266,1.9-6.8
134267,3
134269,1
134270,1.7
134271,2.75
134272,2
134273,2
134274,10
134275,2
134276,6
134277,2
134278,2.15
134280,1.0-1.6
134281,2.25
134282,4
134283,2.85
134284,4.3
134285,0.9
134286,1
134287,1.25
134289,3.15
134290,4.25
134291,1.05
134292,1.05
134293,3
134294,0.9
134295,0.75
134296,2.7
134297,1.1
134298,1.65
134299,1.4
134302,6.15
134303,2.3
134304,0.85
134305,2.8
134306,1
134307,1.6
134308,1.35
134309,4
134310,0.9-5.9
134310,3.4
134311,3
134313,2.55
134314,2.3
134315,2.9
134317,0.5-1.2
134318,4.5
134319,1.75
134323,1.4
134324,3
134325,3.5-4.7
134326,1.3-1.5
134327,1.25
134328,1.35
134329,1.25
134330,1.25
134331,1.75
134333,14
134334,05-14
134335,01-02
134336,0.9-4
134337,1.5
134338,1.4-1.8
134339,1-1.5
134340,02-03
134341,0.8-10
134342,2.5
134343,2.4
134346,1.75
134347,1.25
134348,1-2.8
134349,1.4-3.1
134350,01-03
134351,1-2.5
134352,1-1.5
134353,15-27
134354,1.2-2.6
134355,1.0-2.0
134356,1.9-3.7
134357,1.6-3.2
134358,2.2-2.9
134359,1-1.2
134360,1.75
134361,0.8-3.5
134362,1.3
134363,1.8-8
134364,0.6-0.8
134365,2.5-4.7
134366,1.1-2.5
134367,02-09
134368,0.9-1.7
134369,1.3-2
134370,2
134371,02-03
134372,1-1.5
134373,7.5
134374,7
134375,6.5
134376,1.8-2.5
139044,0.7-1.3
139573,2
139617,2
139618,1.9-2.2
139755,1.0-2.0
139784,0.8-2.5
139940,1-2
140017,60
140034,1.5
140086,1.2-2.5
140094,1.2-1.3
140138,0.8-1
140139,1.6-2.8
140140,1-6
140141,1-1.8
140143,1.1-4.4
140144,0.9-8.8
140146,1-1.2
140162,3-5
140166,1.2
140167,3
140168,0.5-0.6
140228,0.8-1.5
140229,1.1-1.7
140238,1-2
140254,0.5-0.6
140255,0.6-1.8
140261,5-20
140262,1-5
140263,0.5-0.8
140264,1.2-1.5
140265,2.5-7.6
140266,3.5
140267,2
140268,2.4
140271,2-20
140272,1-2.5
140273,5-9
140275,0.9-1.4
140276,1.5-2.1
140279,0.5
140280,1.87-2.75
140281,1.3-4.5
140282,6.0-16.0
140283,7.0-16.0
140287,1.0-1.3
140289,0.9-1.2
140290,0.8-1.2
140291,2-7
140292,0.7-3.5
140293,2.7-7.8
140294,5.6-8.9
140296,2.6-5
140297,2.1-4.5
140298,0.9-2.2
140299,2.6
140300,1.5-5.5
140306,1.5
140307,1-2
140309,1.9-2.0
140310,1.5-6.0
140311,2.0-3.0
140312,1.3-2.1
140314,0.8-1
140317,2.2-6.2
140318,1.5-2.5
140319,1-5
140320,1.2-1.6
140321,0.6-0.9
140322,1.5-1.8
140337,1.5-1.9
140342,1.0-1.6
140343,0.6-1.0
140344,0.9-1.5
140346,0.7-1.3
140348,0.8-1.8
140349,0.9-1.1
140352,1.1-5.9
140353,3-4
140354,1.2-2.5
140355,2.1-4.3
140356,1.2-8.5
140357,3.6
140358,0.9-1.4
140359,0.92-1.55
140360,6.0-27.5
140361,1.0-1.5
140370,0.8-0.9
140372,1.1-1.6
140375,1.5-3.4
140383,2
140384,1-1.6
140404,1.5-2.5
140408,2.9-4.5
140409,1.3-3.0
140410,1.1-1.5
140412,15-50
140414,2.0-4.0
140420,1.7
140422,1.5-12
140426,4-5
140458,1.5-4.0
140459,3.0-4.0
140461,2
140462,0.4-1.1
140463,1.6-2.6
140464,3.8-6.0
140465,1-2
140466,2
140467,2
140468,0.8-1.2
140469,1.8-2.9
140471,1.3-2.6
140472,3
140473,5.3-9.3
140474,1-3
140475,1-4
140477,1.2-1.4
140479,2.0-2.5
140480,1.2-1.4
140481,1.2-4.0
140482,1.4-2.2
140483,1.4-2.2
140484,1.7-4
140485,0.79-1.48
140486,2.3-3.4
140487,2.1-2.5
140489,1
140492,0.6-0.8
140495,0.9-1.1
140497,1.2-1.4
140498,1.8-3.0
140499,2.5-6.0
140500,6.0-12.0
140501,1.6-3.8
140502,1.2-4.0
140503,2.3-2.5
140504,3.5-7.0
140505,2.2-3.5
140506,0.9-2.0
140507,0.9-1.5
140508,0.9-1.5
140509,0.9-1.5
140510,2.2-2.5
140511,2.0-2.5
140512,2.4
140513,1.5-3.0
140514,1.0-1.5
140515,1.1-3.4
140516,1.3-1.4
140517,0.7-1.0
140518,1.1-1.4
140519,0.6-1.0
140520,1.0-2.0
140521,1.4-1.7
140522,2.5-2.7
140523,1.39-2.04
140524,3.5-4.6
140525,0.5-1.1
140526,0.9-1.7
140527,1.8-6.0
140528,2.0-3.5
140529,2.5-2.9
140530,1.5-3.1
140532,1.2-2.7
140533,2.4-3.1
140534,1.1-1.2
140538,1.0-2.5
140539,2.2-2.6
140540,1.5-5
140542,2.3-2.7
140543,1.0-1.6
140544,1.5-3.0
140545,2.0-3.0
140546,2-4
140547,1-1.7
140548,1.0-1.2
140549,1.5-3.2
140550,1.5-2.5
140551,1-2
140552,2-4
140553,0.4-10
140554,2.7-3.8
140555,0.8-1.2
140556,3-3.5
140557,0.6-1
140558,2-4
140559,0.7-1.4
140560,1.5-2.0
140561,1.8-2.8
140562,1.2-2.6
140563,1.0-2.7
140564,1.1-1.4
140565,2.9-4.1
140566,3-10
140567,1.1-6.5
140568,1.9-2.9
140569,0.9-1.5
140570,4-15
140573,2.4-3.0
140574,1.5-1.7
140576,0.5-10.0
140577,1.0-2.5
140585,1.0-1.2
140586,2.1-3.6
140587,1.2-1.4
140588,2.1-3.0
140591,0.8-1.8
140592,1.5-2.0
140593,1.5-6.0
140594,2.5-17
140595,1.0-1.6
140599,0.4-10.0
140600,0.9-1.8
140601,1.0-1.-3
140602,1.2-3.0
140603,1
140604,1.4-3.6
140605,0.7-1.5
140606,0.7-1.0
140607,1.5-3.1
140608,1.8-3.2
140611,1.2-2.0
140612,1.3-2.9
140614,2.5-4.5
140615,1.5-3.5
140616,1.2-2.0
140617,2-4
140618,1.0-8.5
140619,2.0-4.0
140620,2.0-10.0
140621,1.6-2.0
140622,0.3-6.0
140623,2.4-3.0
140624,0.8-1.2
140625,1.0-1.4
140626,1.3-4.0
140627,1.0-2.0
140628,0.7-1.7
140629,2.5-4.0
140630,0.9-1.3
140632,1.0-1.5
140638,2.0-5.0
140642,1.0-1.2
140644,1.9-4.3
140646,0.6-0.9
140648,1.2-2.3
140651,3.9
140653,2.5-5.5
140656,2
140657,1.5-3.75
140658,1.2-3
140661,2.8-3.1
140665,4
140666,1-2
140669,0.6-1.1
140673,1.5-2.4
140675,1.4-1.6
140676,1.0-1.5
140677,1.5-2.5
140678,1.38-3.4
140679,1.5-2.8
140680,1.8-2.0
140681,2.5-3
140682,1.9-2.7
140683,1.8-3.2
140684,0.5-4
140685,1.9-2.2
140687,2.1
140688,2.2
140690,2.2-3.7
140691,1.8-2.5
140693,3.3-5.3
140694,1.6-3.1
140695,2-3
140696,7
140697,1.5-3
140698,1.2-1.7
140699,1.4-2.6
140700,2-30
140701,1-2.5
140702,0.8-2
140703,1-2.4
140704,0.63-0.96
140705,1.2-1.4
140706,0.6-10
140707,4-9
140708,0.8-1.5
140709,0.4-10
140710,1.2-3
140711,1.2-8
140712,0.8-1.4
140713,2-3.2
140714,2.1-3.7
140717,2-3.1
140718,1.8-2.0
140719,2.2-3
140720,1.4
140721,1.5-2.1
140722,1.2-2.5
140723,0.6-1
140724,0.8-1.3
140725,1-3
140726,2.0-2.2
140727,1.3-2.3
140728,2-4.5
140729,0.3-0.5
140730,1.5-2.2
140731,0.6-10
140732,1-1.5
140733,2.2-2.8
140734,0.5-1.5
140735,1-2.5
140736,1.2-3.2
140737,1-1.3
140738,1.4-1.6
140739,1.3-1.5
140740,1.3-1.5
140743,0.4-0.5
140745,1.2-1.4
140746,0.7-0.8
140747,2.5-8
140748,1.5-3
140749,0.9-1.9
140750,1.5-2
140751,1.4-3
140752,1.2-2.2
140753,0.9-2.5
140754,1.5-2
140755,1.1-1.5
140756,1.8-2.5
140757,2-3
140758,1.1-1.4
140759,1.3-3
140760,1-5.2
140761,0.8-2.5
140762,1.4-2.2
140763,0.9-1.8
140764,1.5-3.1
140765,0.5-1
140765,1.5-2
140766,0.5-1
140767,1.3-2.4
140768,1.2-2.3
140769,1.2-1.9
140770,0.4-1.2
140771,8-30
140773,0.9-1.5
140774,0.4-0.6
140775,10-40
140776,2.8-4.2
140777,2.5-9.2
140779,1-1.2
140780,1.3-2.5
140782,5-15
140783,0.6-0.8
140784,0.9-1.3
140785,0.8-3.1
140786,1.2-2.2
140787,1.2-1.5
140788,1.9
140789,1-3
140791,1.1-1.3
140792,0.6-1.8
140793,1.5
140794,0.6-1
140795,0.8-2
140796,0.89-1.63
140797,1-2.1
140798,8-25
140799,1.5-2
140800,0.5-0.6
140803,1.2-1.5
140804,1.8-2.8
140805,1.13-1.16
140806,2.1-4
140807,0.4-1.5
140808,1.1-3.9
140810,2.4-2.5
140811,1.3-1.9
140814,1.8-2
140815,0.58-0.63
140816,1.5-2.5
140817,1.9-2.1
140818,1-1.4
140819,0.8-1.2
140820,2.2-3.5
140821,2-4
140822,1-2
140823,0.9-1.2
140824,1.8-2.5
140825,0.4-1.3
140826,1.8-2
140827,1.8-3
140828,1-2
140829,1.7-2.2
140830,0.4-10
140831,1.5-2
140832,4-5.5
140833,1.3-2.4
140834,1-2
140835,0.6-0.8
140836,4-7
140837,2.8-3
140838,1.8-3
140843,0.7-2.7
140844,1.8-2.2
140845,1.5-2
140846,1.1-1.7
140847,1.2-1.8
140849,0.7-0.9
140850,2.4-3.3
140852,1-1.5
140854,1.4-2.8
140855,0.5-1
140856,1.2-1.6
140857,0.8-0.9
140858,1-4.7
140859,1.7-4
140860,0.7-8
140861,1.2-3.9
140862,0.5-0.8
140862,2-4
140863,2.7-3.2
140864,6-15
140865,0.6-0.8
140866,3.3-4.8
140867,1-1.5
140869,1.2-1.4
140870,1.5-4
140871,1.8-2.2
140872,1.43-3.5
140873,1-2
140874,2
140875,1-1.7
140877,3.2-3.5
140878,2-2.2
140879,1.8-2
140881,1.4-3.7
140882,0.4-20
140883,0.8-5
140884,1-2
140885,1-2
140886,1-3
140887,0.8-1
140888,1-5
140889,1.2-1.6
140890,0.8-1.3
140891,1.4-4.1
140892,1-1
140893,1.5-2
140894,1.8-2.8
140895,1.9-2.4
140896,3-3.7
140897,1.5-2.5
140898,1.4-2.2
140899,0.8-2
140900,1.5-3
140901,2-4
140902,1.95-2.05
140903,1.2-2
140904,0.5-1.6
140905,1.7-2.4
140906,1.9-3.2
140907,1.3-1.8
140908,1.5-2.5
140910,0.7-10
140911,3.6-4.4
140912,1-1.5
140913,0.6-0.8
140915,0.6-0.7
140916,0.3-2
140917,1.2-2
140918,1.5-1.7
140919,100
140920,1.3-2.3
140921,1.2-2.2
140922,1.1-2
140923,0.2-0.6
140924,1.4-1.9
140925,0.9-1.9
140926,2-10
140927,1-1.1
140928,0.2-10
140929,2-2.6
140931,0.8-1
140932,2.2-3.5
140933,3.8-4.4
140934,0.8-1.4
140937,1.5-2.8
140938,0.5-1.2
140939,2-3
140940,4.3-7.1
140941,0.5-10
140942,3-5.7
140943,0.9-2
140944,1.5-5.2
140945,1.2-1.8
140946,2-5
140947,0.5-0.8
140948,1.0-3.0
140949,1.2-1.4
140951,1.3-1.9
140952,1.2-1.8
140954,0.6-1.0
140955,2.0-6.7
140956,3.0-7.0
140957,5.1-12.5
140958,1.5-2.3
140959,1.2-3.0
140960,2.8-3.3
140961,3.0-4.0
140962,2.2-2.6
140963,2.8-3.2
140964,2.5-3.2
140965,2.2-2.5
140966,2.8-3.6
140967,2.7-3.0
140968,1.8-2.2
140969,1.2-1.5
140970,1.0-1.2
140971,0.8-1.3
140972,1.9-2.5
140973,0.5-0.7
140974,1.0-3.0
140975,2.1-2.3
140976,1.5-1.7
140977,2.4-2.6
140978,0.6-1.0
140979,0.6-1.0
140980,1.07-1.46
140981,1.8-2.2
140982,1.0-2.2
140983,1.0-2.2
140984,1.0-1.2
140985,1.2-2.2
140986,1.2-1.4
140987,1.59-3.56
140988,1.46-3.95
140989,0.8-1.0
140990,0.9-1.3
140991,0.8-1.2
140992,1.8
140993,1.8
140994,2.0-4.0
140995,0.3-10.0
140996,0.5-10.0
140997,0.8-1.5
140998,0.3-2.0
140999,0.7-0.9
141000,0.8
141000,1.7-1.9
141001,1.5-1.8
141003,0.54-0.83
141003,1.3-1.6
141004,1.1-2.1
141007,0.8-1.5
141008,0.8-1.5
141009,1.0-1.5
141010,1.7-5.7
141011,0.6-5.0
141012,1.1-1.2
141013,1.7-3.2
141028,2.4-2.7
141030,1.6-2.3
141032,0.4-1.5
141034,1.3-1.9
141035,1.2-2.5
141036,1.2-1.9
141037,0.6-0.8
141038,0.8-2.0
141039,1.1-2.0
141040,0.8-1.1
141041,1.0-2.2
141042,1.5-5.0
141043,0.3-10.0
141046,1.1-1.5
141047,1.3-1.5
141048,0.5-0.6
141048,10-12
141051,1.0-1.3
141052,2.3-3.8
141053,2
141055,1.5-1.9
141057,1.8-2.2
141058,1.6-2.0
141059,0.7-1.1
141060,2.4-4.5
141061,2
141062,1.5-2.5
141063,1.5-2.2
141064,1.4-2.7
141065,4.0-6.0
141066,0.3-10.0
141067,0.7-1.4
141068,0.6-0.9
141069,1.3-4.5
141070,1.0-3.0
141071,6-12
141072,1.0-1.5
141073,2.0-8.0
141074,0.5-2.7
141075,0.9-1.2
141076,1.0-1.5
141077,0.8-1.3
141078,0.9-1.2
141079,1.28-1.96
141080,0.3-1.5
141081,0.3-10.0
141082,1.4-3.2
141083,0.5-3.5
141084,5.0-6.0
141085,1.0-12.0
141086,1.1-2.0
141088,10-20
141089,2
141090,1.8-2.3
141091,1.2-2.2
141092,0.9-1.5
141093,1.20-2.44
141094,1.3-2.3
141095,2.0-3.3
141097,1.2-1.3
141098,4.5-6.5
141099,1.8-2.0
141100,1.5-1.8
141101,1.4-1.8
141102,0.5-0.9
141103,1.0-1.8
141105,0.8-1.0
141110,1.0-4.0
141111,1.0-1..2
141112,2
141115,1.0-1.5
141116,0.5-0.8
141117,2.0-9.0
141118,1.1-1.5
141119,4-6
141120,0.8-1.4
141121,2
141122,1.5-2.0
141123,1.5-3.0
141124,1.5-2.5
141125,2
141126,1.0-2.0
141127,1.2-1.8
141130,1.3-3.0
141131,1.1
141132,1.0-1.3
141133,0.5-1.0
141136,5.0-10
141137,1.2-2.3
141138,1.0-1.5
141139,1.5-3.0
141140,1.3-2.6
141141,2.0-2.5
141142,1.0-1.5
141143,1.0-1.2
141144,1
141145,0.8-2.5
141146,1.5-2.5
141147,1.1-1.5
141148,2-3
141149,0.8-1.6
141150,1.0-1.2
141151,1.8-2.5
141153,2.7-5.8
141154,2.0-4.0
141155,1.6-2.2
141156,1.5-3
141157,2.0-3.0
141158,2.0-5.0
141159,1.3-1.7
141160,1.5-2.0
141161,0.6-3.0
141162,1.0-1.2
141163,0.8-1.0
141164,1.8-2.1
141165,1.8-2.1
141167,1.1-6.5
141168,1.6-2.0
156750,1.0-2.4
156938,0.5-1
157063,0.5
157127,0.5
157132,2.2-3.1
157183,0.6-1
157587,1-0.25
157747,1.5
157756,0.5-2.0
157758,2.4-20
157768,1.1-1.7
157812,2-2.5
157911,1.08-1.34
157913,1.56-1.71
157948,0.59-1.74
157972,0.66-1.33
158026,0.8-1.0
158068,2.6-3.5
158129,4-38
158202,0.5-2
158203,0.67-1.01
158255,1-2.8
158256,1.3-1.7
158257,1.1-1.4
158259,1.8-2.1
158260,3-4
158266,0.6-1
158266,0.8-1.7
158267,1.0-2.0
158270,1.9-2.1
158273,1-1.3
158274,1-2
158275,1.7-2.4
158276,1.1-2.1
158278,0.8
158279,1.4-2.9
158280,2.0-3.5
158281,0.5-1
158283,1.0-1.3
158284,1.0-1.3
158293,1.7-2.5
158295,1.5-2.0
158304,1.3-2.7
158305,1.5-2.1
158306,0.6-0.7
158307,1.6-3.9
158308,1.2-2.3
158314,1.0-2.5
158322,1.3-2.2
158324,1.3-1.9
158342,0.4-0.5
158347,1-2.2
158350,2-3
158351,1.8-8.5
158352,0.8-1.2
158353,2-5
158354,2-2.5
158355,0.5-10.0
158356,2.8
158357,0.4-1.8
158358,2.7-16.3
158360,2.5-8
158376,3-8
158378,0.8-1.4
158379,0.8-2.0
158380,5-8
158381,2.3-3.4
158382,0.7-1.8
158383,0.7-0.9
158388,2.4
158389,2-3
158390,1.5-4.1
158395,2-5
158396,0.6-0.9
158398,1.3
158400,1
158401,0.9
158403,1.0-1.5
158404,1.5
158405,0.5-2.4
158406,0.5-1.2
158407,2.0-2.7
158408,1.8-2.4
158411,0.9-2.3
158412,0.8-1.6
158413,0.9-1.6
158414,0.5-1.0
158415,1.0-3.5
158416,1.5-5.0
158419,3-4
158420,1.2-1.3
158421,1-5
158424,1
158426,1.0-2.4
158428,0.8-1.8
158433,0.5-0.68
158434,1-2.5
158436,0.9-1.3
158437,4-8
158440,1.7-2.1
158441,1.7-2.1
158442,0.8-1.0
158449,0.6-1.2
158465,0.6-0.8
158468,1.28-2.42
158471,2-2.5
158474,1.4-2
158483,1.5-5
158485,1.3-1.9
158487,0.49-2
158491,0.8-1.8
158497,0.8-2.3
158498,0.5-1.3
158503,1.0-2.5
158504,0.6-1.5
158505,2.7-3.8
158506,1.0-2.0
158507,2-5
158509,0.8-1.4
158510,0.8-35.8
158523,0.2-3.5
158524,1.0-1.2
158525,1.5-3.0
158526,1.0-2.5
158527,1.3-2.45
158528,2.0-4.0
158529,2-3
158530,1.0-1.3
158531,1.7-1.9
158533,1.5-3.0
158534,0.6-3.0
158535,2.5-3.0
158538,2.6-4.3
158539,1.5-2.0
158540,2-4
158541,1.5-3.5
158542,0.5-0.65
158543,1-2
158544,1.6-2
158545,3.2-5.9
158546,1.5-2.0
158547,2.0-5.0
158548,1-3
158549,1.8-2.1
158551,1.5-3
158552,1.3-1.7
158553,2-8
158554,0.6-0.9
158556,0.8-1.8
158557,0.8-1.5
158558,0.8-6
158560,1.5-5
158561,0.8-1.9
158563,2-6.5
158564,1-5
158565,1.5
158567,1.2-1.4
158568,1.1-1.4
158569,1-2
158570,2.5-2.7
158571,1.6
158572,3-6
158573,1.5-2.5
158574,4-4.5
158575,0.5-0.7
158577,1.5-2
158578,2-3.5
158579,1.9-2.7
158580,0.8-1
158581,1.5-1.7
158582,1-1.5
158583,0.9-1.2
158584,1-2
158585,4.2-10
158586,0.9-1.1
158587,0.8-10
158588,1
158589,0.9-1.3
158590,1.1-2.4
158591,1.5-2.5
158592,1.5-2.8
158593,2.4-3
158595,0.2-0.8
158595,1.2-2.2
158596,1.6-2.2
158597,0.8-1.3
158598,0.8-1.5
158599,1.5-2.5
158600,0.5-0.8
158600,1-1.5
158601,1.8-2.8
158603,0.7-1.8
158604,1.2
158605,1.2-2.2
158606,6-20
158609,7-11
158610,2.5-4
158611,1-1.8
158612,0.8-1
158613,1.6-1.7
158614,1.9-2.1
158615,2.1-5.6
158616,1.5-2.5
158617,0.6-3
158618,1.8-2.2
158619,2-3.25
158620,1.8-2.2
158621,0.7-1
158623,1.5-3
158624,1.2-3.4
158625,1-1.2
158626,0.2-0.3
158629,2-5
158630,2-5
158631,1.5-1.9
158634,0.7-1.5
158635,0.9-1.3
158636,1.7-4.5
158637,2.24-3.84
158638,0.9-2.2
158639,1.4-1.8
158640,2.4-5
158641,0.8-1.2
158642,0.8-1.1
158645,1-1.1
158646,1-2
158647,1-4
158648,2.2-3.8
158649,1.2-1.6
158650,1-1.6
158651,0.9-1.6
158652,1.7-2.8
158653,2
158654,0.8-7
158655,1.2-2.8
158656,0.8-2.2
158657,1-1.8
158658,0.4-10
158660,0.98-1-22
158661,1.2-3.6
158663,1.3-2.1
158664,1.66-2.21
158665,1.8-2.2
158667,2.5-20.6
158668,0.8-2.1
158669,2-5.5
158670,0.6-0.8
158671,0.4-0.7
158672,1.2-3.0
158673,2.3-3.0
158674,2.4-4.1
158675,2.0-2.5
158677,0.80-1.6
158678,1.3-2.1
158679,1.6-1.9
158680,2.3-3.3
158681,0.4-1.6
158683,0.9-4.9
158684,1.0-2.0
158685,1.3-1.9
158687,1.9-4.2
158689,1.1-2.5
158690,0.8-4.0
158691,1.6-3.2
158692,1.0-1.2
158693,0.8-1.2
158694,1-2
158695,3.0-6.0
158698,2.6-8.5
158699,2.0
158700,5.0-15.0
158701,2.5-4.0
158703,0.6-16
158705,1.7-3.6
158707,0.4-1.0
158708,1.1-1.3
158709,1-1.3
158710,0.3-2.0
158712,0.8-1.6
158713,0.5-6.0
158714,1.0-1.5
158715,0.3-1.6
158716,0.8-1.2
158718,1.0-2.0
158720,2.0
158721,3-5
158722,1-1.2
158723,1.5-1.6
158725,2.5-3.3
158726,0.8-1.0
158728,1-1.5
158729,1-2.5
158730,0.6-0.8
158731,3.0-4.8
158732,1.2-2.2
158733,1.1-5.3
158734,1.5-2.1
158735,2.5-3.7
158736,0.8-1.8
158737,2.1-3.2
158739,1.6-2.3
158740,2.0-3.2
158741,0.8-1.0
158742,1.0-1.5
158743,1.2-1.5
158744,1.4-1.6
158745,1.7-2.0
158746,4.2-4.8
158747,0.6-3.5
158749,1.1-2.0
158750,1.5-2.0
158751,1.2-1.5
158752,0.4-2.0
158753,0.8-1.3
158754,0.4-3.0
158755,0.5-1.0
158756,1.3-2.0
158757,1.6-2.2
158758,1.4-1.6
158759,2.3-2.6
158760,1.3-2.5
158761,1.75-3.6
158762,2.5-7
158763,0.6
158764,1.5-2
158765,1.7-1.9
158766,1.3-3.5
158767,1-2
158768,1.8-2.6
158769,0.8-1.2
158772,1-2
158774,2.0-1.7
158776,2.1-3.4
158778,1-5
158779,1.1-2.4
158780,2.5-3.2
158781,2.0-3.0
158782,0.75-1.5
158783,1.2-1.7
158784,2.0-2.5
158785,0.3-0.5
158786,2.5-3.2
158787,1.2-1.9
158788,1.2-3.0
158789,0.6-0.8
158789,1.1-2.0
158791,0.5-10.0
158792,1.5-2.3
158793,0.6-1.2
158799,1.0-1.5
158800,1.0-1.5
158801,0.5-1.5
158802,0.9-3.5
158803,2.5-23.0
158804,1.8-2.2
158805,1.76-3.04
158806,0.8-1.8
158807,1.1-1.8
158808,2.0-2.8
158809,1.2-1.6
158810,2.5-3.0
158811,1.0-2.9
158812,1.8-2
158813,6.0-11.0
158815,2.0-15.5
158816,2.3-4.8
158817,0.9-1.3
158818,1.5-3.3
158819,1.0-1.3
158820,1.8-1.9
158821,1.13
158822,0.8-1.0
158823,2.4-3.6
158824,1.0-2.1
158825,2.0-12.0
158858,3.7-4.2
158859,2.34-2.56
158883,1.5-4.4
158896,1-2
158922,1-1.5
158927,1.7
159029,1-10
159052,1.8-3.0
159082,1.7-2.1
159083,1.5-2.1
159090,1-2
159168,1.9
159185,2-5
159192,1.5-2.5
159196,0.8-2.2
159202,2-10
159203,2-5
159213,0.9-1.8
159312,1.9
159320,8.0-12.0
159350,2.1-2.8
159351,1-2
159352,0.8-2.5
159374,3.0-5.0
159376,3-6
159377,1.93-2.28
159403,1.5-3.4
159437,0.7-0.9
159457,1-3
159479,0.7-1.0
159486,1
159488,2-3
159608,1.7
159613,1.2-2.7
159616,1-1.4
159628,0.5
159637,0.9-1.1
159640,0.7-1.6
159642,2.2-2.3
159643,1.7-2.6
159644,2.4-5.7
159645,1.1-1.5
159655,1.2
159661,1.9-2.1
159668,1.1-1.4
159679,0.5
159685,1.6-2.2
159686,2.50-5.92
159697,1.7-3
159698,1.8-3
159699,2-3
159700,1.8-2.2
159701,0.5-0.8
159701,0.5-1
159701,2-5
159703,0.5-1
159704,1.97-2.54
159705,1.1-1.4
159706,1.0-1.5
159706,5-10
159708,3-4
159709,0.5-1.5
159710,1.4-2.8
159711,1.5-2
159712,2.4-2.8
159713,1.5-2.5
159714,2.4-3.2
159715,1.7-2
159719,0.7-1.6
159720,1.6-1.9
159721,1.43
159722,1.8-2.5
159725,0.2-0.3
159726,0.2-0.3
159727,2.2-6.4
159728,1.5-3
159729,2.2-12
159730,1-9
159731,1.2-2.2
159732,1.4-2.6
159733,1.4-2.2
159734,1.6-2.1
159735,0.76-2.47
159736,1.7-2.5
159740,2.1-3.3
159741,1.2-2.4
159742,1.5-3.4
159743,0.8-1.2
159744,1.1-1.3
159745,1.3-4.4
159746,1.3-2.2
159748,3.5-5.5
159749,1.6-3.5
159750,2.2-4.8
159751,1.6-4.5
159752,1.3-2
159754,1.5-2
159755,1-2.5
159756,0.6-2.2
159761,1-2
159762,1-1.7
159763,1.6-1.7
159764,0.7-1
159765,1-2.5
159766,0.8-1.5
159767,2-4
159768,0.8-1.2
159769,1.6-2.4
159771,1.7-2.6
159772,0.8-1.5
159773,1
159775,1.2-1.8
159776,1.5-3.5
159777,0.7-1.1
159779,0.7-1.1
159780,2.0-2.5
159781,1.1-2.4
159782,1.1-1.4
159783,1.0-1.2
159784,0.8-1.4
159786,1.5-2.5
159787,0.9-1.2
159792,1.0-2.0
159793,1.5-2.5
159794,0.9-1.2
159795,2.2-3.0
159796,1.1-1.3
159797,1.5-5.0
159799,0.7-1.5
159800,2.9-4.7
159801,2.6-4.7
159802,3.7-7.7
159803,0.4-10.0
159804,1.14-1.38
159805,2.0-9.0
159806,1-1.45
159807,1.2
159808,0.43-0.48
159809,3.8-8.9
159810,0.8-1.0
159811,1.1-2.0
159812,1.0-2.5
159814,1.0-2.7
159816,1-3
159817,0.8-1.7
159818,1.1-1.7
159819,2.8
159820,0.8-1.6
159821,1-2
159822,1.7-1.9
159825,0.8-1.3
159826,2-5
159827,2-5
159828,0.6-1.0
159829,1.4-1.8
159830,3.0-6.0
159831,2.0-2.2
159832,1.7-2.7
159833,0.6-1.1
159834,1.0-2.2
159835,1.0-1.5
159836,1.1-1.25
159837,1.7-1.9
159838,2.5-5
159839,2.3-2.9
159840,1.0-2.0
159841,0.4-1.6
159842,3.0-8.0
159843,3.5-6.0
159844,1.3-2.2
159845,1.0-4.0
159846,1.9-2.4
159847,2.3-7.3
159848,1.9-4.5
159849,0.9-2.0
159850,2.1-5.1
159853,1.3-1.4
159854,2.0-3.0
159855,1.0-1.5
159856,1.3-1.5
159857,1.0-2.0
159858,1.3-2.2
159859,1.8-4.6
159860,1.3-4.4
159861,1.2-1.9
159862,1.3-2.8
159863,1.6-1.8
159865,2.7-3.9
159866,2.0-2.7
159869,1.3-1.8
159870,1.0-1.6
159871,1.3-2.5
159872,2.5-2.8
159873,0.7-1.9
159874,1.8-2.5
159875,2.0-2.5
159877,1.9-2.7
159878,1.0-2.5
159878,2.01-2.05
159879,1.3-3.3
159880,0.9
159881,1.5-2.8
159882,1-1.6
159884,1.2-3.2
159885,1.3-2.8
159886,1.5-4.0
159887,2.5-3
159888,0.8-1.5
159890,1.7-2.8
159905,3-10
159925,1.8-3.2
160006,0.7-1.3
160122,1.1-1.7
160127,1.5-2.1
160128,1.1-1.5
160162,1.2-1.6
160169,1.3-1.7
160178,3.5-5.3
160213,1.4-1.9
160214,2.1-4.6
160299,1.1-1.5
160326,1.1-1.5
160327,1.7
160363,2.0-4.1
160373,2.9-4.5
160441,1.5-2
160477,1.6-2.2
160507,3.0-4.0
160513,1-1.4
160572,1.3-1.9
160592,1.50-1.63
160614,50
160625,1-2
160632,1.2-1.8
160637,2.5-6.5
160642,1.2-1.6
160662,1.2-1.4
160770,0.8-1.3
160775,1-1.8
160787,1-3
160788,1-3
160797,1.2-2.5
160812,0.96-1.54
160818,1.0-2
160830,1.1-1.5
160831,1.4-2.0
161846,1-2.5
162366,1-3
162600,1.9-5.4
163753,1.0-6.0
163760,1.7-10.5
163805,0.45-0.6
163851,1-3.5
163852,1.5-2.5
163855,1.5-6.0
163871,8.1-10.9
163887,1-2.5
163904,0.8-1.5
163970,1.8-2.1
164064,0.7-1.9
164090,0.9-1.3
164092,0.66-1.33
164093,0.9-1.6
164124,1.0-1.2
164126,1.3-2.5
164142,0.35-0.45
164146,2.1
164154,1.1-1.3
164159,0.8-3
164174,2.2-2.6
164175,2.6-3.2
164179,2.6-3.5
164180,1.5
164183,20-200
164190,0.6-5.7
164191,1.4-2.2
164192,1.2-2.0
164194,0.8-1.2
164197,1.5-2.5
164210,1.52-3.07
164229,3.5-4.5
164230,3.5-4.5
164246,2.3-3.3
164247,2.0-2.7
164248,1.0-1.6
164251,1.3-2.0
164259,1.2-1.6
164262,1.2-1.7
164274,3-6
164276,0.6-0.7
164306,4-7
164308,1.6-2.7
164317,1.0-2.0
164328,1.0-1.5
164328,2.0-7.0
164329,1.2-2.7
164331,1.2-2.0
164332,1.2-2.1
164337,2.0-6.0
164339,0.8-1.5
164341,1
164343,0.7-2.8
164348,1.2-1.7
164352,0.3-0.4
164369,0.4-1.2
164370,0.6-0.7
164371,0.8-3.4
164372,3.5-7.5
164373,2.9-3.1
164374,1.5-2.3
164390,1
164402,1.2-3.0
164404,1.2-2.2
164405,1.5-2.2
164413,2.0-2.5
164417,1.4-2.3
164420,2.0-2.3
164421,0.8-1
164426,0.5-1
164431,1.7
164440,0.5-2.0
164447,4.7-10.8
164448,1.2-1.7
164449,1.7-3.6
164450,2.3-3.7
164451,2.5-8
164451,30
164454,1.3-12.5
164455,0.8-1.3
164456,1.0-3.0
164461,1.2-2
164465,1.6-1.8
164466,1.6-2.8
164467,1.5-3.0
164468,1.0-2.0
164473,3.7-4.2
164475,3.1
164479,1.5-3.5
164486,0.8-1.6
164488,1.4-2.1
164490,0.6-1.4
164491,1-2.8
164502,2.0-2.2
164504,1.4-5-8
164505,1.0-3.7
164516,0.9-3.4
164533,1.1-2.3
164545,1-2
164547,1.3-2.5
164551,1.6-2.4
164552,0.8-1.0
164554,1.4
164559,3.2-4.9
164567,2.72-7.24
164571,0.6-1
164573,1.8-2.3
164580,3.2-8
164616,1.5-6.0
164621,2.1-3.0
164622,1.7-3.1
164623,1.0-1.7
164624,1.25-2.0
164638,0.7-1.2
164650,1.2-1.5
164658,2-3
164659,2-4
164660,1-3
164661,1-3
164662,1-2
164663,1-2
164664,2.5-4
164665,2-3
164673,1
164674,1
164676,2.9-5.3
164701,1-1.7
164703,0.7-2.3
164709,0.5-2.0
164710,2.7-2.8
164712,1.4-2.2
164731,1.1-7.5
164735,2-3
166097,1.0-2.8
166098,0.6-0.7
166099,0.9-1.5
166100,0.7-1.7
166101,2-5
166102,1.6-2.9
166103,1.0-1.2
166104,1.5-2.0
166105,6-7
166106,1.4-2.9
166108,2.7
166109,1.4-2.6
166110,1-2
166111,5.0-10.0
166112,0.5-1.0
166113,0.7-1.6
166114,1.3-1.8
166115,2.1-2.2
166116,1.4-1.8
166117,0.7-2.0
166118,2.3-3.5
166120,1.7-5.0
166121,1.8-2.5
166122,0.8-1.2
166123,1.1-1.6
166125,0.8-1.4
166126,1.5-3.0
166127,2.5-5.0
166128,2-8
166129,2-4
166131,0.7-1.4
166132,1.2-1.7
166134,1.1-1.8
166135,0.75-1.65
166136,0.4-0.8
166137,1.0-1.6
166138,1.3-2.4
166140,1.1-2.6
166141,1.0-2.0
166142,3.0-4.0
166144,1.0-1.9
166145,1.2-1.6
166146,2.3-2.8
166147,0.8-1.2
166149,0.3-0.5
166151,0.8-1.0
166152,0.8-1.8
166153,0.8-2.5
166154,1.1-1.3
166155,2-10
166156,2-9
166157,1.5-8
166158,2-7
166159,1-8
166160,1-2
166161,1-2
166162,1-4.5
166163,1-3
166164,1-2
166165,1-4
166167,0.4-3
166168,1.4-20
166169,2.0-6.0
166170,2.5-2.6
166171,0.9-1.3
166172,2.0-2.5
166173,0.6-2.0
166174,0.7-1.0
166175,1.8-7.8
166176,0.8-1.2
166177,2.5
166178,1.4-2.2
166179,1.9-5.2
166180,0.2-0.9
166181,1.09-1.38
166182,2.0-9.0
166183,2.0-4.0
166185,2-2.3
166188,1.9
166193,1.1-1.5
166194,1.6-2.5
166195,0.4-2.5
166196,1.6
166197,1.1-1.9
166199,0.8-1.0
166200,1.6-2.2
166201,1.5-1.6
166202,1.5-3.0
166203,1-2
166204,2.2-5.1
166205,1.2-4.0
166206,0.8-1.3
166207,0.4-4.0
166209,1.4-3.0
166210,0.5-10.0
166211,1-5
166212,1.2-2.5
166213,0.5-0.8
166214,1.3-1.4
166217,0.7-1.3
166218,0.4-10.0
166220,1.1-3.0
166221,0.9-2.6
166222,1.1-1.3
166223,1-6
166224,1.3-1.6
166225,1.3-3.5
166226,3.2-3.3
166228,0.5-10.0
166229,0.8-2.0
166230,0.5-6.0
166231,0.8-9
166232,2.2-2.7
166233,3.2-4.5
166234,1
166235,0.7-3.0
166236,1.3-1.6
166238,0.7-1.5
166239,3.5-5.0
166240,1
166241,1
166242,1
166243,0.7-1.2
166245,0.9-1.7
166246,1.1-2.8
166247,1.4-2.8
166248,1.0-1.6
166249,1-9
166250,1.0-3.1
166251,3.5-4.0
166252,2.2-3.6
166253,1.3-2.1
166254,4.8-5.4
166255,2-4
166256,1.3-3.0
166257,1.3-2.5
166258,1.9-4.0
166259,1.8-2
166261,1.6-3.5
166264,1.2-1.8
166265,0.7-1.5
166267,0.8-1.2
166268,1.3-2.0
166270,0.8-1.5
166271,1.64-3.21
166272,1.3-3.1
166273,1.0-2.5
166274,2.5
166275,1.5-3.2
166276,1.0-1.8
166277,0.3-0.6
166278,1.1-1.2
166279,0.9-1.1
166280,2.0-2.8
166281,1-3
166282,0.8-1.2
166283,0.8-2.0
166284,1.7-2.5
166285,3.0-4.0
166288,0.8-1.8
166289,0.7-1.7
166290,1-2
166291,1-2.5
166292,1.7-2.1
166293,3.2-3.6
166294,4
166296,1.6
166297,3.9-10.8
166298,0.8-1.0
166301,2.0-2.5
166303,3-4
166304,0.8-1
166305,1.4-1.6
166307,0.8-1.5
166308,2-3.6
166309,1.0-1.7
166310,1.0-1.5
166313,1.2-1.4
166315,1.3-3.2
166316,0.5-2.0
166317,1.4-1.5
166318,0.5-1.5
166319,15.5-20
166320,1-4
166323,4.8-8
166324,2-3.5
166325,1.4-6.0
166326,1.5-2
166327,1.8-2.4
166328,2.1-3.4
166329,2.4-3.7
166330,1.7-2.7
166331,0.6-0.8
166332,1.5-2.2
166333,1.4-1.8
166334,0.5-1.2
166335,1.8-3.8
166337,0.6-2.0
166338,1.9-3
166339,2.7-3.6
166340,0.8-1.6
166341,3.5-4.0
166343,0.8-1.9
166345,1.4-2.5
166346,0.5
166347,2.5-3.0
166348,2.5-4
166349,2.5-3.5
166351,1.5-2.0
166352,1.1-1.8
166353,1.6-1.7
166354,2.4-3.1
166355,1.9-2.0
166356,2.4-2.6
166357,1.4-2.2
166358,1.1-1.3
166359,1.7
166361,1.2-1.5
166362,3.2-3.5
166363,2.8
166364,0.4-0.8
166365,1-1.2
166366,1.5-2.0
166367,0.8-2
166368,0.8-2
166369,1.5-2.0
166370,1.6-2.4
166372,1.5-3.1
166373,1.9-2.8
166374,1.3-1.7
166375,1.2-1.6
166376,2-3
166377,1.6-5.2
166378,0.5-1.3
166379,1.3-1.8
166380,2-3
166381,2.3-3.2
166382,1.0-3.0
166383,1.2-1.3
166384,1.8-2.6
166385,1.2-1.6
166386,1.2-5.9
166387,1.3-1.9
166388,1.1-1.5
166389,2
166391,1.6
166392,2.1-3.1
166393,2.1-2.7
166394,1.9-2.7
166395,1.7-2.3
166396,1.4-2.0
166397,1.2-1.8
166398,1.2-1.6
166399,1.8-2.2
166400,1.4-1.8
166401,1.7-2.1
166403,1.1-1.4
166405,2.3-2.5
166408,0.4-0.5
166409,1.3-1.9
166410,1.5-2.3
166411,1.1-2.8
166412,0.2-1.5
166413,0.8-1
166414,1.2-1.8
166415,1.0-1.3
166416,1-1.6
166417,1.3-2.5
166418,1.3-2.8
166419,1.5-2
166420,1.2-1.8
166421,0.8-1.3
166422,0.9-1.3
166423,1-2.5
166424,1.5-2.6
166425,1-1.7
166427,1-1.2
166428,1.1-1.6
166429,1.2-1.5
166431,3-4
166432,1-2
166435,0.73-0.97
166436,1.6-2.4
166440,0.9-1.7
166441,0.8-1
166442,0.5-1.5
166443,0.5-1.5
166444,0.5-1.5
166445,1.2-1.7
166446,0.4-0.7
166447,2
166448,1-1.6
166449,0.8-1.4
166450,1.3-3.3
166453,3.5-7.1
166454,0.8-1
166455,1.9-3.7
166456,2-2.8
166459,1.1-2.3
166460,0.4-3
166461,0.8-1.6
166462,1.3-1.5
166463,10-15
166464,0.9-2.4
166465,0.9-2.5
166466,0.6-2.7
166467,1.1-2.4
166468,1-4
166469,1.5-2.7
166470,0.8-1.3
166471,2-3
166472,2-6.5
166473,1.1-4.4
166474,1.0-2.0
166475,1.4-2.8
166476,1.5-2
166477,0.9-1.5
166479,1.2-3.5
166480,3.0-5.0
166481,1.1-1.8
166482,0.8
166483,1.2-1.6
166484,1.7-1.8
166485,0.88-2.45
166486,0.7-2.1
166487,1-2.3
166488,0.7-4.5
166489,0.5-1.5
166490,2.3-2.5
166491,0.9-1.5
166492,1.2-2
166493,1-2
166494,1.0-2.5
166495,2.0-4.0
166499,1.1-2.1
166499,5.5-8.0
166500,1.5-3.1
166503,2.4-2.55
166504,0.8-1.4
166505,0.9-1.6
166506,0.8-2
166508,1.0-2.0
166509,0.8-1.5
166510,1.2-1.7
166511,1
166512,1.3-1.6
166513,1.0-1.5
166514,0.4-10
166515,1.0-1.6
166517,1.0-2.0
166518,1.2-1.7
166519,1.6-3.2
166520,1.4-1.8
166521,1.3-4.7
166522,1.0-2.0
166523,3.5-6.0
166524,0.8-3.0
166525,0.5-1.5
166526,1.4-3.3
166527,1.2-3.5
166528,1.4-8
166529,1.0-2.0
166530,1.6-2.1
166531,1.76-3.64
166532,1.40-1.79
166533,1.9-2.2
166534,1.2-2.0
166535,1.2-6.0
166537,0.9-1.8
166538,1.1-1.8
166539,1.4-2.5
166543,1.4-2.7
166544,0.9-1.5
166565,3.0-6.0
166567,3-8
166688,0.6-8.0
166702,0.8-1.0
166753,0.9-1.3
166844,3.0-5.5
166983,1.8-2.6
167100,2.9-5.8
167229,3
167268,1.0-2.5
167319,1.8-2.0
167321,1.5-1.9
167322,1.2-1.8
167323,1.2-2
167343,0.6-10.0
167347,1.2-1.8
167349,1.8-2.5
167356,0.8-1.0
167374,1.0-3.0
167381,1.2-1.5
167386,1.0-2.0
167388,1.1-2.2
167389,0.8-1.2
167398,2.2-3.2
167414,3.0-4.0
167415,2.1-3.6
167419,2
167420,1.9-2.0
167426,1.8-4.5
167435,1.2-2
167490,1.5-2.0
167510,1.0-1.3
167512,2.8
167519,1.0-1.2
167521,16-18
167597,4.0-6.0
167622,1.0-1.8
167635,0.6-2.0
167641,1.2-2.0
167643,2.0-3.5
167654,1.5-4.2
167657,2-4
167665,1.5-4.8
167682,1.4-1.8
167730,1.5-4.6
167731,0.7-1.1
167772,1.5-1.7
167774,2.5-4.28
167789,1.0-2.0
167791,1.9-2.6
167796,0.7-1.2
167800,1.2-1.7
167820,1.0-3.0
167823,1.2-2.2
167834,2.6-3.5
167837,2.6-4.6
167838,5.0-11.0
167839,1.5-2.4
167902,2.2-3.2
167924,1.1-1.7
167926,3.0-6.0
167929,1.1-1.5
167944,1.2-2.2
167968,1.0-3.0
167977,14.8-20.2
167978,2.8-3.0
168046,3
168195,1.7-3.3
168208,5.37-10.24
168303,0.7-1.9
168332,0.2-0.3
168335,0.9-1
168344,2.3-3.2
168348,1.0-1.5
168352,0.9-1.0
168352,1.1-1.8
168376,1.3-1.9
168385,1.4-2.2
168437,0.7-2.4
168453,3.0-8.0
168456,1.0-2.5
168496,1.2-4
168505,1.2-3.7
168508,1.0-1.8
168509,1.2-3.0
168511,1.4-3.7
168512,0.8-2.0
168513,2.0-3.9
168515,0.4-0.6
168518,1.0-1.2
168525,1.9-2.5
168535,1.2-1.4
168539,2.5-3.0
168541,1.2-1.5
168558,1.5
168559,0.9-2.8
168561,1.0-2.0
168566,0.68-1.22
168571,0.8-2.8
168572,1.0-2.0
168658,0.3-0.6
168791,0.7-1.2
168917,1.1-1.5
168996,1.75
169101,1.8-2.2
169324,1.91-2.45
169899,6.0-6.3
169990,2.1-2.8
170127,0.93-1.93
170898,1.3-3.2
170899,2.0-5.0
170901,1.3-1.8
170903,2.0-3.2
170904,2.1-2.9
170905,0.9-1.3
170906,2-3
170907,0.8-1.2
170908,3.1-4.5
170911,1.3-3.24
170912,1.06-1.92
170913,0.89-1.96
170914,1.17-4.42
170915,2.0-3.6
170916,12.6-15.4
170917,8.7-9.9
170918,8.8-9.9
170919,10.1-14.6
170923,2.90-7.62
170924,10.7-26.7
170927,0.9-3.6
170928,1.9-4
170929,5-6.5
170930,1.4-4.3
170931,2-4.1
170932,2.2-2.7
170933,1.6-3
170934,0.4-9.0
170935,1.3-2.5
170936,0.8-1.2
170937,0.4-4.0
170938,3.0-8.0
170939,11.7-16.7
170940,1.45
170941,0.6-1.8
170942,1.4-4.1
170943,0.6-1.0
170944,1.1-1.5
